 INSERT INTO GROUPE3.LESCATEGORIES (NOMC, PRIX) 
 	VALUES ('orchestre', 50);
 INSERT INTO GROUPE3.LESCATEGORIES (NOMC, PRIX) 
 	VALUES ('1er balcon', 40);
 INSERT INTO GROUPE3.LESCATEGORIES (NOMC, PRIX) 
 	VALUES ('2nd balcon', 20);
 INSERT INTO GROUPE3.LESCATEGORIES (NOMC, PRIX) 
 	VALUES ('poulailler', 10);
 
 
 
 INSERT INTO GROUPE3.LESZONES (NOZONE, NOMC) 
         VALUES (1, 'orchestre');
 INSERT INTO GROUPE3.LESZONES (NOZONE, NOMC) 
         VALUES (2, '1er balcon');
 INSERT INTO GROUPE3.LESZONES (NOZONE, NOMC) 
         VALUES (3, '2nd balcon');
 INSERT INTO GROUPE3.LESZONES (NOZONE, NOMC) 
         VALUES (4, 'poulailler');
 
 
 
 INSERT INTO GROUPE3.LESSIEGES (NOPLACE, NORANG, NOZONE)
 VALUES (1,1, 1);
 INSERT INTO GROUPE3.LESSIEGES (NOPLACE, NORANG, NOZONE) 
 VALUES (2,1, 1);
 INSERT INTO GROUPE3.LESSIEGES (NOPLACE, NORANG, NOZONE) 
 VALUES (3,1, 1);
 INSERT INTO GROUPE3.LESSIEGES (NOPLACE, NORANG, NOZONE) 
 VALUES (4,1, 1);
 INSERT INTO GROUPE3.LESSIEGES (NOPLACE, NORANG, NOZONE) 
 VALUES (5,1, 1);
 INSERT INTO GROUPE3.LESSIEGES (NOPLACE, NORANG, NOZONE) 
 VALUES (6,1, 1);
 INSERT INTO GROUPE3.LESSIEGES (NOPLACE, NORANG, NOZONE) 
 VALUES (7,1, 1);
 INSERT INTO GROUPE3.LESSIEGES (NOPLACE, NORANG, NOZONE) 
 VALUES (8,1, 1);
 INSERT INTO GROUPE3.LESSIEGES (NOPLACE, NORANG, NOZONE) 
 VALUES (9,1, 1);
 INSERT INTO GROUPE3.LESSIEGES (NOPLACE, NORANG, NOZONE) 
 VALUES (10,1, 1);
 INSERT INTO GROUPE3.LESSIEGES (NOPLACE, NORANG, NOZONE) 
 VALUES (11,1, 1);
 INSERT INTO GROUPE3.LESSIEGES (NOPLACE, NORANG, NOZONE) 
 VALUES (12,1, 1);
 INSERT INTO GROUPE3.LESSIEGES (NOPLACE, NORANG, NOZONE) 
 VALUES (13,1, 1);
 INSERT INTO GROUPE3.LESSIEGES (NOPLACE, NORANG, NOZONE) 
 VALUES (14,1, 1);
 INSERT INTO GROUPE3.LESSIEGES (NOPLACE, NORANG, NOZONE) 
 VALUES (15,1, 1);
 INSERT INTO GROUPE3.LESSIEGES (NOPLACE, NORANG, NOZONE) 
 VALUES (16,1, 1);
 INSERT INTO GROUPE3.LESSIEGES (NOPLACE, NORANG, NOZONE) 
 VALUES (17,1, 1);
 INSERT INTO GROUPE3.LESSIEGES (NOPLACE, NORANG, NOZONE) 
 VALUES (18,1, 1);
 INSERT INTO GROUPE3.LESSIEGES (NOPLACE, NORANG, NOZONE) 
 VALUES (19,1, 1);
 INSERT INTO GROUPE3.LESSIEGES (NOPLACE, NORANG, NOZONE) 
 VALUES (20,1, 1);
 INSERT INTO GROUPE3.LESSIEGES (NOPLACE, NORANG, NOZONE) 
 VALUES (1,2, 1);
 INSERT INTO GROUPE3.LESSIEGES (NOPLACE, NORANG, NOZONE) 
 VALUES (2,2, 1);
 INSERT INTO GROUPE3.LESSIEGES (NOPLACE, NORANG, NOZONE) 
 VALUES (3,2, 1);
 INSERT INTO GROUPE3.LESSIEGES (NOPLACE, NORANG, NOZONE) 
 VALUES (4,2, 1);
 INSERT INTO GROUPE3.LESSIEGES (NOPLACE, NORANG, NOZONE) 
 VALUES (5,2, 1);
 INSERT INTO GROUPE3.LESSIEGES (NOPLACE, NORANG, NOZONE) 
 VALUES (6,2, 1);
 INSERT INTO GROUPE3.LESSIEGES (NOPLACE, NORANG, NOZONE) 
 VALUES (7,2, 1);
 INSERT INTO GROUPE3.LESSIEGES (NOPLACE, NORANG, NOZONE) 
 VALUES (8,2, 1);
 INSERT INTO GROUPE3.LESSIEGES (NOPLACE, NORANG, NOZONE) 
 VALUES (9,2, 1);
 INSERT INTO GROUPE3.LESSIEGES (NOPLACE, NORANG, NOZONE) 
 VALUES (10,2, 1);
 INSERT INTO GROUPE3.LESSIEGES (NOPLACE, NORANG, NOZONE) 
 VALUES (11,2, 1);
 INSERT INTO GROUPE3.LESSIEGES (NOPLACE, NORANG, NOZONE) 
 VALUES (12,2, 1);
 INSERT INTO GROUPE3.LESSIEGES (NOPLACE, NORANG, NOZONE) 
 VALUES (13,2, 1);
 INSERT INTO GROUPE3.LESSIEGES (NOPLACE, NORANG, NOZONE) 
 VALUES (14,2, 1);
 INSERT INTO GROUPE3.LESSIEGES (NOPLACE, NORANG, NOZONE) 
 VALUES (15,2, 1);
 INSERT INTO GROUPE3.LESSIEGES (NOPLACE, NORANG, NOZONE) 
 VALUES (16,2, 1);
 INSERT INTO GROUPE3.LESSIEGES (NOPLACE, NORANG, NOZONE) 
 VALUES (17,2, 1);
 INSERT INTO GROUPE3.LESSIEGES (NOPLACE, NORANG, NOZONE) 
 VALUES (18,2, 1);
 INSERT INTO GROUPE3.LESSIEGES (NOPLACE, NORANG, NOZONE) 
 VALUES (19,2, 1);
 INSERT INTO GROUPE3.LESSIEGES (NOPLACE, NORANG, NOZONE) 
 VALUES (20,2, 1);
 INSERT INTO GROUPE3.LESSIEGES (NOPLACE, NORANG, NOZONE) 
 VALUES (1,3, 1);
 INSERT INTO GROUPE3.LESSIEGES (NOPLACE, NORANG, NOZONE) 
 VALUES (2,3, 1);
 INSERT INTO GROUPE3.LESSIEGES (NOPLACE, NORANG, NOZONE) 
 VALUES (3,3, 1);
 INSERT INTO GROUPE3.LESSIEGES (NOPLACE, NORANG, NOZONE) 
 VALUES (4,3, 1);
 INSERT INTO GROUPE3.LESSIEGES (NOPLACE, NORANG, NOZONE) 
 VALUES (5,3, 1);
 INSERT INTO GROUPE3.LESSIEGES (NOPLACE, NORANG, NOZONE) 
 VALUES (6,3, 1);
 INSERT INTO GROUPE3.LESSIEGES (NOPLACE, NORANG, NOZONE) 
 VALUES (7,3, 1);
 INSERT INTO GROUPE3.LESSIEGES (NOPLACE, NORANG, NOZONE) 
 VALUES (8,3, 1);
 INSERT INTO GROUPE3.LESSIEGES (NOPLACE, NORANG, NOZONE) 
 VALUES (9,3, 1);
 INSERT INTO GROUPE3.LESSIEGES (NOPLACE, NORANG, NOZONE) 
 VALUES (10,3, 1);
 INSERT INTO GROUPE3.LESSIEGES (NOPLACE, NORANG, NOZONE) 
 VALUES (11,3, 1);
 INSERT INTO GROUPE3.LESSIEGES (NOPLACE, NORANG, NOZONE) 
 VALUES (12,3, 1);
 INSERT INTO GROUPE3.LESSIEGES (NOPLACE, NORANG, NOZONE) 
 VALUES (13,3, 1);
 INSERT INTO GROUPE3.LESSIEGES (NOPLACE, NORANG, NOZONE) 
 VALUES (14,3, 1);
 INSERT INTO GROUPE3.LESSIEGES (NOPLACE, NORANG, NOZONE) 
 VALUES (15,3, 1);
 INSERT INTO GROUPE3.LESSIEGES (NOPLACE, NORANG, NOZONE) 
 VALUES (16,3, 1);
 INSERT INTO GROUPE3.LESSIEGES (NOPLACE, NORANG, NOZONE) 
 VALUES (17,3, 1);
 INSERT INTO GROUPE3.LESSIEGES (NOPLACE, NORANG, NOZONE) 
 VALUES (18,3, 1);
 INSERT INTO GROUPE3.LESSIEGES (NOPLACE, NORANG, NOZONE) 
 VALUES (19,3, 1);
 INSERT INTO GROUPE3.LESSIEGES (NOPLACE, NORANG, NOZONE) 
 VALUES (20,3, 1);
 INSERT INTO GROUPE3.LESSIEGES (NOPLACE, NORANG, NOZONE) 
 VALUES (1,4, 1);
 INSERT INTO GROUPE3.LESSIEGES (NOPLACE, NORANG, NOZONE) 
 VALUES (2,4, 1);
 INSERT INTO GROUPE3.LESSIEGES (NOPLACE, NORANG, NOZONE) 
 VALUES (3,4, 1);
 INSERT INTO GROUPE3.LESSIEGES (NOPLACE, NORANG, NOZONE) 
 VALUES (4,4, 1);
 INSERT INTO GROUPE3.LESSIEGES (NOPLACE, NORANG, NOZONE) 
 VALUES (5,4, 1);
 INSERT INTO GROUPE3.LESSIEGES (NOPLACE, NORANG, NOZONE) 
 VALUES (6,4, 1);
 INSERT INTO GROUPE3.LESSIEGES (NOPLACE, NORANG, NOZONE) 
 VALUES (7,4, 1);
 INSERT INTO GROUPE3.LESSIEGES (NOPLACE, NORANG, NOZONE) 
 VALUES (8,4, 1);
 INSERT INTO GROUPE3.LESSIEGES (NOPLACE, NORANG, NOZONE) 
 VALUES (9,4, 1);
 INSERT INTO GROUPE3.LESSIEGES (NOPLACE, NORANG, NOZONE) 
 VALUES (10,4, 1);
 INSERT INTO GROUPE3.LESSIEGES (NOPLACE, NORANG, NOZONE) 
 VALUES (11,4, 1);
 INSERT INTO GROUPE3.LESSIEGES (NOPLACE, NORANG, NOZONE) 
 VALUES (12,4, 1);
 INSERT INTO GROUPE3.LESSIEGES (NOPLACE, NORANG, NOZONE) 
 VALUES (13,4, 1);
 INSERT INTO GROUPE3.LESSIEGES (NOPLACE, NORANG, NOZONE) 
 VALUES (14,4, 1);
 INSERT INTO GROUPE3.LESSIEGES (NOPLACE, NORANG, NOZONE) 
 VALUES (15,4, 1);
 INSERT INTO GROUPE3.LESSIEGES (NOPLACE, NORANG, NOZONE) 
 VALUES (16,4, 1);
 INSERT INTO GROUPE3.LESSIEGES (NOPLACE, NORANG, NOZONE) 
 VALUES (17,4, 1);
 INSERT INTO GROUPE3.LESSIEGES (NOPLACE, NORANG, NOZONE) 
 VALUES (18,4, 1);
 INSERT INTO GROUPE3.LESSIEGES (NOPLACE, NORANG, NOZONE) 
 VALUES (19,4, 1);
 INSERT INTO GROUPE3.LESSIEGES (NOPLACE, NORANG, NOZONE) 
 VALUES (20,4, 1);
 INSERT INTO GROUPE3.LESSIEGES (NOPLACE, NORANG, NOZONE) 
 VALUES (1,5, 1);
 INSERT INTO GROUPE3.LESSIEGES (NOPLACE, NORANG, NOZONE) 
 VALUES (2,5, 1);
 INSERT INTO GROUPE3.LESSIEGES (NOPLACE, NORANG, NOZONE) 
 VALUES (3,5, 1);
 INSERT INTO GROUPE3.LESSIEGES (NOPLACE, NORANG, NOZONE) 
 VALUES (4,5, 1);
 INSERT INTO GROUPE3.LESSIEGES (NOPLACE, NORANG, NOZONE) 
 VALUES (5,5, 1);
 INSERT INTO GROUPE3.LESSIEGES (NOPLACE, NORANG, NOZONE) 
 VALUES (6,5, 1);
 INSERT INTO GROUPE3.LESSIEGES (NOPLACE, NORANG, NOZONE) 
 VALUES (7,5, 1);
 INSERT INTO GROUPE3.LESSIEGES (NOPLACE, NORANG, NOZONE) 
 VALUES (8,5, 1);
 INSERT INTO GROUPE3.LESSIEGES (NOPLACE, NORANG, NOZONE) 
 VALUES (9,5, 1);
 INSERT INTO GROUPE3.LESSIEGES (NOPLACE, NORANG, NOZONE) 
 VALUES (10,5, 1);
 INSERT INTO GROUPE3.LESSIEGES (NOPLACE, NORANG, NOZONE) 
 VALUES (11,5, 1);
 INSERT INTO GROUPE3.LESSIEGES (NOPLACE, NORANG, NOZONE) 
 VALUES (12,5, 1);
 INSERT INTO GROUPE3.LESSIEGES (NOPLACE, NORANG, NOZONE) 
 VALUES (13,5, 1);
 INSERT INTO GROUPE3.LESSIEGES (NOPLACE, NORANG, NOZONE) 
 VALUES (14,5, 1);
 INSERT INTO GROUPE3.LESSIEGES (NOPLACE, NORANG, NOZONE) 
 VALUES (15,5, 1);
 INSERT INTO GROUPE3.LESSIEGES (NOPLACE, NORANG, NOZONE) 
 VALUES (16,5, 1);
 INSERT INTO GROUPE3.LESSIEGES (NOPLACE, NORANG, NOZONE) 
 VALUES (17,5, 1);
 INSERT INTO GROUPE3.LESSIEGES (NOPLACE, NORANG, NOZONE) 
 VALUES (18,5, 1);
 INSERT INTO GROUPE3.LESSIEGES (NOPLACE, NORANG, NOZONE) 
 VALUES (19,5, 1);
 INSERT INTO GROUPE3.LESSIEGES (NOPLACE, NORANG, NOZONE) 
 VALUES (20,5, 1);
 INSERT INTO GROUPE3.LESSIEGES (NOPLACE, NORANG, NOZONE) 
 VALUES (1,6, 1);
 INSERT INTO GROUPE3.LESSIEGES (NOPLACE, NORANG, NOZONE) 
 VALUES (2,6, 1);
 INSERT INTO GROUPE3.LESSIEGES (NOPLACE, NORANG, NOZONE) 
 VALUES (3,6, 1);
 INSERT INTO GROUPE3.LESSIEGES (NOPLACE, NORANG, NOZONE) 
 VALUES (4,6, 1);
 INSERT INTO GROUPE3.LESSIEGES (NOPLACE, NORANG, NOZONE) 
 VALUES (5,6, 1);
 INSERT INTO GROUPE3.LESSIEGES (NOPLACE, NORANG, NOZONE) 
 VALUES (6,6, 1);
 INSERT INTO GROUPE3.LESSIEGES (NOPLACE, NORANG, NOZONE) 
 VALUES (7,6, 1);
 INSERT INTO GROUPE3.LESSIEGES (NOPLACE, NORANG, NOZONE) 
 VALUES (8,6, 1);
 INSERT INTO GROUPE3.LESSIEGES (NOPLACE, NORANG, NOZONE) 
 VALUES (9,6, 1);
 INSERT INTO GROUPE3.LESSIEGES (NOPLACE, NORANG, NOZONE) 
 VALUES (10,6, 1);
 INSERT INTO GROUPE3.LESSIEGES (NOPLACE, NORANG, NOZONE) 
 VALUES (11,6, 1);
 INSERT INTO GROUPE3.LESSIEGES (NOPLACE, NORANG, NOZONE) 
 VALUES (12,6, 1);
 INSERT INTO GROUPE3.LESSIEGES (NOPLACE, NORANG, NOZONE) 
 VALUES (13,6, 1);
 INSERT INTO GROUPE3.LESSIEGES (NOPLACE, NORANG, NOZONE) 
 VALUES (14,6, 1);
 INSERT INTO GROUPE3.LESSIEGES (NOPLACE, NORANG, NOZONE) 
 VALUES (15,6, 1);
 INSERT INTO GROUPE3.LESSIEGES (NOPLACE, NORANG, NOZONE) 
 VALUES (16,6, 1);
 INSERT INTO GROUPE3.LESSIEGES (NOPLACE, NORANG, NOZONE) 
 VALUES (17,6, 1);
 INSERT INTO GROUPE3.LESSIEGES (NOPLACE, NORANG, NOZONE) 
 VALUES (18,6, 1);
 INSERT INTO GROUPE3.LESSIEGES (NOPLACE, NORANG, NOZONE) 
 VALUES (19,6, 1);
 INSERT INTO GROUPE3.LESSIEGES (NOPLACE, NORANG, NOZONE) 
 VALUES (20,6, 1);
 INSERT INTO GROUPE3.LESSIEGES (NOPLACE, NORANG, NOZONE) 
 VALUES (1,7, 1);
 INSERT INTO GROUPE3.LESSIEGES (NOPLACE, NORANG, NOZONE) 
 VALUES (2,7, 1);
 INSERT INTO GROUPE3.LESSIEGES (NOPLACE, NORANG, NOZONE) 
 VALUES (3,7, 1);
 INSERT INTO GROUPE3.LESSIEGES (NOPLACE, NORANG, NOZONE) 
 VALUES (4,7, 1);
 INSERT INTO GROUPE3.LESSIEGES (NOPLACE, NORANG, NOZONE) 
 VALUES (5,7, 1);
 INSERT INTO GROUPE3.LESSIEGES (NOPLACE, NORANG, NOZONE) 
 VALUES (6,7, 1);
 INSERT INTO GROUPE3.LESSIEGES (NOPLACE, NORANG, NOZONE) 
 VALUES (7,7, 1);
 INSERT INTO GROUPE3.LESSIEGES (NOPLACE, NORANG, NOZONE) 
 VALUES (8,7, 1);
 INSERT INTO GROUPE3.LESSIEGES (NOPLACE, NORANG, NOZONE) 
 VALUES (9,7, 1);
 INSERT INTO GROUPE3.LESSIEGES (NOPLACE, NORANG, NOZONE) 
 VALUES (10,7, 1);
 INSERT INTO GROUPE3.LESSIEGES (NOPLACE, NORANG, NOZONE) 
 VALUES (11,7, 1);
 INSERT INTO GROUPE3.LESSIEGES (NOPLACE, NORANG, NOZONE) 
 VALUES (12,7, 1);
 INSERT INTO GROUPE3.LESSIEGES (NOPLACE, NORANG, NOZONE) 
 VALUES (13,7, 1);
 INSERT INTO GROUPE3.LESSIEGES (NOPLACE, NORANG, NOZONE) 
 VALUES (14,7, 1);
 INSERT INTO GROUPE3.LESSIEGES (NOPLACE, NORANG, NOZONE) 
 VALUES (15,7, 1);
 INSERT INTO GROUPE3.LESSIEGES (NOPLACE, NORANG, NOZONE) 
 VALUES (16,7, 1);
 INSERT INTO GROUPE3.LESSIEGES (NOPLACE, NORANG, NOZONE) 
 VALUES (17,7, 1);
 INSERT INTO GROUPE3.LESSIEGES (NOPLACE, NORANG, NOZONE) 
 VALUES (18,7, 1);
 INSERT INTO GROUPE3.LESSIEGES (NOPLACE, NORANG, NOZONE) 
 VALUES (19,7, 1);
 INSERT INTO GROUPE3.LESSIEGES (NOPLACE, NORANG, NOZONE) 
 VALUES (20,7, 1);
 INSERT INTO GROUPE3.LESSIEGES (NOPLACE, NORANG, NOZONE) 
 VALUES (1,8, 1);
 INSERT INTO GROUPE3.LESSIEGES (NOPLACE, NORANG, NOZONE) 
 VALUES (2,8, 1);
 INSERT INTO GROUPE3.LESSIEGES (NOPLACE, NORANG, NOZONE) 
 VALUES (3,8, 1);
 INSERT INTO GROUPE3.LESSIEGES (NOPLACE, NORANG, NOZONE) 
 VALUES (4,8, 1);
 INSERT INTO GROUPE3.LESSIEGES (NOPLACE, NORANG, NOZONE) 
 VALUES (5,8, 1);
 INSERT INTO GROUPE3.LESSIEGES (NOPLACE, NORANG, NOZONE) 
 VALUES (6,8, 1);
 INSERT INTO GROUPE3.LESSIEGES (NOPLACE, NORANG, NOZONE) 
 VALUES (7,8, 1);
 INSERT INTO GROUPE3.LESSIEGES (NOPLACE, NORANG, NOZONE) 
 VALUES (8,8, 1);
 INSERT INTO GROUPE3.LESSIEGES (NOPLACE, NORANG, NOZONE) 
 VALUES (9,8, 1);
 INSERT INTO GROUPE3.LESSIEGES (NOPLACE, NORANG, NOZONE) 
 VALUES (10,8, 1);
 INSERT INTO GROUPE3.LESSIEGES (NOPLACE, NORANG, NOZONE) 
 VALUES (11,8, 1);
 INSERT INTO GROUPE3.LESSIEGES (NOPLACE, NORANG, NOZONE) 
 VALUES (12,8, 1);
 INSERT INTO GROUPE3.LESSIEGES (NOPLACE, NORANG, NOZONE) 
 VALUES (13,8, 1);
 INSERT INTO GROUPE3.LESSIEGES (NOPLACE, NORANG, NOZONE) 
 VALUES (14,8, 1);
 INSERT INTO GROUPE3.LESSIEGES (NOPLACE, NORANG, NOZONE) 
 VALUES (15,8, 1);
 INSERT INTO GROUPE3.LESSIEGES (NOPLACE, NORANG, NOZONE) 
 VALUES (16,8, 1);
 INSERT INTO GROUPE3.LESSIEGES (NOPLACE, NORANG, NOZONE) 
 VALUES (17,8, 1);
 INSERT INTO GROUPE3.LESSIEGES (NOPLACE, NORANG, NOZONE) 
 VALUES (18,8, 1);
 INSERT INTO GROUPE3.LESSIEGES (NOPLACE, NORANG, NOZONE) 
 VALUES (19,8, 1);
 INSERT INTO GROUPE3.LESSIEGES (NOPLACE, NORANG, NOZONE) 
 VALUES (20,8, 1);
 INSERT INTO GROUPE3.LESSIEGES (NOPLACE, NORANG, NOZONE) 
 VALUES (1,9, 1);
 INSERT INTO GROUPE3.LESSIEGES (NOPLACE, NORANG, NOZONE) 
 VALUES (2,9, 1);
 INSERT INTO GROUPE3.LESSIEGES (NOPLACE, NORANG, NOZONE) 
 VALUES (3,9, 1);
 INSERT INTO GROUPE3.LESSIEGES (NOPLACE, NORANG, NOZONE) 
 VALUES (4,9, 1);
 INSERT INTO GROUPE3.LESSIEGES (NOPLACE, NORANG, NOZONE) 
 VALUES (5,9, 1);
 INSERT INTO GROUPE3.LESSIEGES (NOPLACE, NORANG, NOZONE) 
 VALUES (6,9, 1);
 INSERT INTO GROUPE3.LESSIEGES (NOPLACE, NORANG, NOZONE) 
 VALUES (7,9, 1);
 INSERT INTO GROUPE3.LESSIEGES (NOPLACE, NORANG, NOZONE) 
 VALUES (8,9, 1);
 INSERT INTO GROUPE3.LESSIEGES (NOPLACE, NORANG, NOZONE) 
 VALUES (9,9, 1);
 INSERT INTO GROUPE3.LESSIEGES (NOPLACE, NORANG, NOZONE) 
 VALUES (10,9, 1);
 INSERT INTO GROUPE3.LESSIEGES (NOPLACE, NORANG, NOZONE) 
 VALUES (11,9, 1);
 INSERT INTO GROUPE3.LESSIEGES (NOPLACE, NORANG, NOZONE) 
 VALUES (12,9, 1);
 INSERT INTO GROUPE3.LESSIEGES (NOPLACE, NORANG, NOZONE) 
 VALUES (13,9, 1);
 INSERT INTO GROUPE3.LESSIEGES (NOPLACE, NORANG, NOZONE) 
 VALUES (14,9, 1);
 INSERT INTO GROUPE3.LESSIEGES (NOPLACE, NORANG, NOZONE) 
 VALUES (15,9, 1);
 INSERT INTO GROUPE3.LESSIEGES (NOPLACE, NORANG, NOZONE) 
 VALUES (16,9, 1);
 INSERT INTO GROUPE3.LESSIEGES (NOPLACE, NORANG, NOZONE) 
 VALUES (17,9, 1);
 INSERT INTO GROUPE3.LESSIEGES (NOPLACE, NORANG, NOZONE) 
 VALUES (18,9, 1);
 INSERT INTO GROUPE3.LESSIEGES (NOPLACE, NORANG, NOZONE) 
 VALUES (19,9, 1);
 INSERT INTO GROUPE3.LESSIEGES (NOPLACE, NORANG, NOZONE) 
 VALUES (20,9, 1);
 INSERT INTO GROUPE3.LESSIEGES (NOPLACE, NORANG, NOZONE) 
 VALUES (1,10, 1);
 INSERT INTO GROUPE3.LESSIEGES (NOPLACE, NORANG, NOZONE) 
 VALUES (2,10, 1);
 INSERT INTO GROUPE3.LESSIEGES (NOPLACE, NORANG, NOZONE) 
 VALUES (3,10, 1);
 INSERT INTO GROUPE3.LESSIEGES (NOPLACE, NORANG, NOZONE) 
 VALUES (4,10, 1);
 INSERT INTO GROUPE3.LESSIEGES (NOPLACE, NORANG, NOZONE) 
 VALUES (5,10, 1);
 INSERT INTO GROUPE3.LESSIEGES (NOPLACE, NORANG, NOZONE) 
 VALUES (6,10, 1);
 INSERT INTO GROUPE3.LESSIEGES (NOPLACE, NORANG, NOZONE) 
 VALUES (7,10, 1);
 INSERT INTO GROUPE3.LESSIEGES (NOPLACE, NORANG, NOZONE) 
 VALUES (8,10, 1);
 INSERT INTO GROUPE3.LESSIEGES (NOPLACE, NORANG, NOZONE) 
 VALUES (9,10, 1);
 INSERT INTO GROUPE3.LESSIEGES (NOPLACE, NORANG, NOZONE) 
 VALUES (10,10, 1);
 INSERT INTO GROUPE3.LESSIEGES (NOPLACE, NORANG, NOZONE) 
 VALUES (11,10, 1);
 INSERT INTO GROUPE3.LESSIEGES (NOPLACE, NORANG, NOZONE) 
 VALUES (12,10, 1);
 INSERT INTO GROUPE3.LESSIEGES (NOPLACE, NORANG, NOZONE) 
 VALUES (13,10, 1);
 INSERT INTO GROUPE3.LESSIEGES (NOPLACE, NORANG, NOZONE) 
 VALUES (14,10, 1);
 INSERT INTO GROUPE3.LESSIEGES (NOPLACE, NORANG, NOZONE) 
 VALUES (15,10, 1);
 INSERT INTO GROUPE3.LESSIEGES (NOPLACE, NORANG, NOZONE) 
 VALUES (16,10, 1);
 INSERT INTO GROUPE3.LESSIEGES (NOPLACE, NORANG, NOZONE) 
 VALUES (17,10, 1);
 INSERT INTO GROUPE3.LESSIEGES (NOPLACE, NORANG, NOZONE) 
 VALUES (18,10, 1);
 INSERT INTO GROUPE3.LESSIEGES (NOPLACE, NORANG, NOZONE) 
 VALUES (19,10, 1);
 INSERT INTO GROUPE3.LESSIEGES (NOPLACE, NORANG, NOZONE) 
 VALUES (20,10, 1);
 INSERT INTO GROUPE3.LESSIEGES (NOPLACE, NORANG, NOZONE) 
 VALUES (1,11, 1);
 INSERT INTO GROUPE3.LESSIEGES (NOPLACE, NORANG, NOZONE) 
 VALUES (2,11, 1);
 INSERT INTO GROUPE3.LESSIEGES (NOPLACE, NORANG, NOZONE) 
 VALUES (3,11, 1);
 INSERT INTO GROUPE3.LESSIEGES (NOPLACE, NORANG, NOZONE) 
 VALUES (4,11, 1);
 INSERT INTO GROUPE3.LESSIEGES (NOPLACE, NORANG, NOZONE) 
 VALUES (5,11, 1);
 INSERT INTO GROUPE3.LESSIEGES (NOPLACE, NORANG, NOZONE) 
 VALUES (6,11, 1);
 INSERT INTO GROUPE3.LESSIEGES (NOPLACE, NORANG, NOZONE) 
 VALUES (7,11, 1);
 INSERT INTO GROUPE3.LESSIEGES (NOPLACE, NORANG, NOZONE) 
 VALUES (8,11, 1);
 INSERT INTO GROUPE3.LESSIEGES (NOPLACE, NORANG, NOZONE) 
 VALUES (9,11, 1);
 INSERT INTO GROUPE3.LESSIEGES (NOPLACE, NORANG, NOZONE) 
 VALUES (10,11, 1);
 INSERT INTO GROUPE3.LESSIEGES (NOPLACE, NORANG, NOZONE) 
 VALUES (11,11, 1);
 INSERT INTO GROUPE3.LESSIEGES (NOPLACE, NORANG, NOZONE) 
 VALUES (12,11, 1);
 INSERT INTO GROUPE3.LESSIEGES (NOPLACE, NORANG, NOZONE) 
 VALUES (13,11, 1);
 INSERT INTO GROUPE3.LESSIEGES (NOPLACE, NORANG, NOZONE) 
 VALUES (14,11, 1);
 INSERT INTO GROUPE3.LESSIEGES (NOPLACE, NORANG, NOZONE) 
 VALUES (15,11, 1);
 INSERT INTO GROUPE3.LESSIEGES (NOPLACE, NORANG, NOZONE) 
 VALUES (16,11, 1);
 INSERT INTO GROUPE3.LESSIEGES (NOPLACE, NORANG, NOZONE) 
 VALUES (17,11, 1);
 INSERT INTO GROUPE3.LESSIEGES (NOPLACE, NORANG, NOZONE) 
 VALUES (18,11, 1);
 INSERT INTO GROUPE3.LESSIEGES (NOPLACE, NORANG, NOZONE) 
 VALUES (19,11, 1);
 INSERT INTO GROUPE3.LESSIEGES (NOPLACE, NORANG, NOZONE) 
 VALUES (20,11, 1);
 INSERT INTO GROUPE3.LESSIEGES (NOPLACE, NORANG, NOZONE) 
 VALUES (1,12, 1);
 INSERT INTO GROUPE3.LESSIEGES (NOPLACE, NORANG, NOZONE) 
 VALUES (2,12, 1);
 INSERT INTO GROUPE3.LESSIEGES (NOPLACE, NORANG, NOZONE) 
 VALUES (3,12, 1);
 INSERT INTO GROUPE3.LESSIEGES (NOPLACE, NORANG, NOZONE) 
 VALUES (4,12, 1);
 INSERT INTO GROUPE3.LESSIEGES (NOPLACE, NORANG, NOZONE) 
 VALUES (5,12, 1);
 INSERT INTO GROUPE3.LESSIEGES (NOPLACE, NORANG, NOZONE) 
 VALUES (6,12, 1);
 INSERT INTO GROUPE3.LESSIEGES (NOPLACE, NORANG, NOZONE) 
 VALUES (7,12, 1);
 INSERT INTO GROUPE3.LESSIEGES (NOPLACE, NORANG, NOZONE) 
 VALUES (8,12, 1);
 INSERT INTO GROUPE3.LESSIEGES (NOPLACE, NORANG, NOZONE) 
 VALUES (9,12, 1);
 INSERT INTO GROUPE3.LESSIEGES (NOPLACE, NORANG, NOZONE) 
 VALUES (10,12, 1);
 INSERT INTO GROUPE3.LESSIEGES (NOPLACE, NORANG, NOZONE) 
 VALUES (11,12, 1);
 INSERT INTO GROUPE3.LESSIEGES (NOPLACE, NORANG, NOZONE) 
 VALUES (12,12, 1);
 INSERT INTO GROUPE3.LESSIEGES (NOPLACE, NORANG, NOZONE) 
 VALUES (13,12, 1);
 INSERT INTO GROUPE3.LESSIEGES (NOPLACE, NORANG, NOZONE) 
 VALUES (14,12, 1);
 INSERT INTO GROUPE3.LESSIEGES (NOPLACE, NORANG, NOZONE) 
 VALUES (15,12, 1);
 INSERT INTO GROUPE3.LESSIEGES (NOPLACE, NORANG, NOZONE) 
 VALUES (16,12, 1);
 INSERT INTO GROUPE3.LESSIEGES (NOPLACE, NORANG, NOZONE) 
 VALUES (17,12, 1);
 INSERT INTO GROUPE3.LESSIEGES (NOPLACE, NORANG, NOZONE) 
 VALUES (18,12, 1);
 INSERT INTO GROUPE3.LESSIEGES (NOPLACE, NORANG, NOZONE) 
 VALUES (19,12, 1);
 INSERT INTO GROUPE3.LESSIEGES (NOPLACE, NORANG, NOZONE) 
 VALUES (20,12, 1);
 INSERT INTO GROUPE3.LESSIEGES (NOPLACE, NORANG, NOZONE) 
 VALUES (1,13, 1);
 INSERT INTO GROUPE3.LESSIEGES (NOPLACE, NORANG, NOZONE) 
 VALUES (2,13, 1);
 INSERT INTO GROUPE3.LESSIEGES (NOPLACE, NORANG, NOZONE) 
 VALUES (3,13, 1);
 INSERT INTO GROUPE3.LESSIEGES (NOPLACE, NORANG, NOZONE) 
 VALUES (4,13, 1);
 INSERT INTO GROUPE3.LESSIEGES (NOPLACE, NORANG, NOZONE) 
 VALUES (5,13, 1);
 INSERT INTO GROUPE3.LESSIEGES (NOPLACE, NORANG, NOZONE) 
 VALUES (6,13, 1);
 INSERT INTO GROUPE3.LESSIEGES (NOPLACE, NORANG, NOZONE) 
 VALUES (7,13, 1);
 INSERT INTO GROUPE3.LESSIEGES (NOPLACE, NORANG, NOZONE) 
 VALUES (8,13, 1);
 INSERT INTO GROUPE3.LESSIEGES (NOPLACE, NORANG, NOZONE) 
 VALUES (9,13, 1);
 INSERT INTO GROUPE3.LESSIEGES (NOPLACE, NORANG, NOZONE) 
 VALUES (10,13, 1);
 INSERT INTO GROUPE3.LESSIEGES (NOPLACE, NORANG, NOZONE) 
 VALUES (11,13, 1);
 INSERT INTO GROUPE3.LESSIEGES (NOPLACE, NORANG, NOZONE) 
 VALUES (12,13, 1);
 INSERT INTO GROUPE3.LESSIEGES (NOPLACE, NORANG, NOZONE) 
 VALUES (13,13, 1);
 INSERT INTO GROUPE3.LESSIEGES (NOPLACE, NORANG, NOZONE) 
 VALUES (14,13, 1);
 INSERT INTO GROUPE3.LESSIEGES (NOPLACE, NORANG, NOZONE) 
 VALUES (15,13, 1);
 INSERT INTO GROUPE3.LESSIEGES (NOPLACE, NORANG, NOZONE) 
 VALUES (16,13, 1);
 INSERT INTO GROUPE3.LESSIEGES (NOPLACE, NORANG, NOZONE) 
 VALUES (17,13, 1);
 INSERT INTO GROUPE3.LESSIEGES (NOPLACE, NORANG, NOZONE) 
 VALUES (18,13, 1);
 INSERT INTO GROUPE3.LESSIEGES (NOPLACE, NORANG, NOZONE) 
 VALUES (19,13, 1);
 INSERT INTO GROUPE3.LESSIEGES (NOPLACE, NORANG, NOZONE) 
 VALUES (20,13, 1);
 INSERT INTO GROUPE3.LESSIEGES (NOPLACE, NORANG, NOZONE) 
 VALUES (1,14, 1);
 INSERT INTO GROUPE3.LESSIEGES (NOPLACE, NORANG, NOZONE) 
 VALUES (2,14, 1);
 INSERT INTO GROUPE3.LESSIEGES (NOPLACE, NORANG, NOZONE) 
 VALUES (3,14, 1);
 INSERT INTO GROUPE3.LESSIEGES (NOPLACE, NORANG, NOZONE) 
 VALUES (4,14, 1);
 INSERT INTO GROUPE3.LESSIEGES (NOPLACE, NORANG, NOZONE) 
 VALUES (5,14, 1);
 INSERT INTO GROUPE3.LESSIEGES (NOPLACE, NORANG, NOZONE) 
 VALUES (6,14, 1);
 INSERT INTO GROUPE3.LESSIEGES (NOPLACE, NORANG, NOZONE) 
 VALUES (7,14, 1);
 INSERT INTO GROUPE3.LESSIEGES (NOPLACE, NORANG, NOZONE) 
 VALUES (8,14, 1);
 INSERT INTO GROUPE3.LESSIEGES (NOPLACE, NORANG, NOZONE) 
 VALUES (9,14, 1);
 INSERT INTO GROUPE3.LESSIEGES (NOPLACE, NORANG, NOZONE) 
 VALUES (10,14, 1);
 INSERT INTO GROUPE3.LESSIEGES (NOPLACE, NORANG, NOZONE) 
 VALUES (11,14, 1);
 INSERT INTO GROUPE3.LESSIEGES (NOPLACE, NORANG, NOZONE) 
 VALUES (12,14, 1);
 INSERT INTO GROUPE3.LESSIEGES (NOPLACE, NORANG, NOZONE) 
 VALUES (13,14, 1);
 INSERT INTO GROUPE3.LESSIEGES (NOPLACE, NORANG, NOZONE) 
 VALUES (14,14, 1);
 INSERT INTO GROUPE3.LESSIEGES (NOPLACE, NORANG, NOZONE) 
 VALUES (15,14, 1);
 INSERT INTO GROUPE3.LESSIEGES (NOPLACE, NORANG, NOZONE) 
 VALUES (16,14, 1);
 INSERT INTO GROUPE3.LESSIEGES (NOPLACE, NORANG, NOZONE) 
 VALUES (17,14, 1);
 INSERT INTO GROUPE3.LESSIEGES (NOPLACE, NORANG, NOZONE) 
 VALUES (18,14, 1);
 INSERT INTO GROUPE3.LESSIEGES (NOPLACE, NORANG, NOZONE) 
 VALUES (19,14, 1);
 INSERT INTO GROUPE3.LESSIEGES (NOPLACE, NORANG, NOZONE) 
 VALUES (20,14, 1);
 INSERT INTO GROUPE3.LESSIEGES (NOPLACE, NORANG, NOZONE) 
 VALUES (1,15, 1);
 INSERT INTO GROUPE3.LESSIEGES (NOPLACE, NORANG, NOZONE) 
 VALUES (2,15, 1);
 INSERT INTO GROUPE3.LESSIEGES (NOPLACE, NORANG, NOZONE) 
 VALUES (3,15, 1);
 INSERT INTO GROUPE3.LESSIEGES (NOPLACE, NORANG, NOZONE) 
 VALUES (4,15, 1);
 INSERT INTO GROUPE3.LESSIEGES (NOPLACE, NORANG, NOZONE) 
 VALUES (5,15, 1);
 INSERT INTO GROUPE3.LESSIEGES (NOPLACE, NORANG, NOZONE) 
 VALUES (6,15, 1);
 INSERT INTO GROUPE3.LESSIEGES (NOPLACE, NORANG, NOZONE) 
 VALUES (7,15, 1);
 INSERT INTO GROUPE3.LESSIEGES (NOPLACE, NORANG, NOZONE) 
 VALUES (8,15, 1);
 INSERT INTO GROUPE3.LESSIEGES (NOPLACE, NORANG, NOZONE) 
 VALUES (9,15, 1);
 INSERT INTO GROUPE3.LESSIEGES (NOPLACE, NORANG, NOZONE) 
 VALUES (10,15, 1);
 INSERT INTO GROUPE3.LESSIEGES (NOPLACE, NORANG, NOZONE) 
 VALUES (11,15, 1);
 INSERT INTO GROUPE3.LESSIEGES (NOPLACE, NORANG, NOZONE) 
 VALUES (12,15, 1);
 INSERT INTO GROUPE3.LESSIEGES (NOPLACE, NORANG, NOZONE) 
 VALUES (13,15, 1);
 INSERT INTO GROUPE3.LESSIEGES (NOPLACE, NORANG, NOZONE) 
 VALUES (14,15, 1);
 INSERT INTO GROUPE3.LESSIEGES (NOPLACE, NORANG, NOZONE) 
 VALUES (15,15, 1);
 INSERT INTO GROUPE3.LESSIEGES (NOPLACE, NORANG, NOZONE) 
 VALUES (16,15, 1);
 INSERT INTO GROUPE3.LESSIEGES (NOPLACE, NORANG, NOZONE) 
 VALUES (17,15, 1);
 INSERT INTO GROUPE3.LESSIEGES (NOPLACE, NORANG, NOZONE) 
 VALUES (18,15, 1);
 INSERT INTO GROUPE3.LESSIEGES (NOPLACE, NORANG, NOZONE) 
 VALUES (19,15, 1);
 INSERT INTO GROUPE3.LESSIEGES (NOPLACE, NORANG, NOZONE) 
 VALUES (20,15, 1);
 INSERT INTO GROUPE3.LESSIEGES (NOPLACE, NORANG, NOZONE) 
 VALUES (1,16, 1);
 INSERT INTO GROUPE3.LESSIEGES (NOPLACE, NORANG, NOZONE) 
 VALUES (2,16, 1);
 INSERT INTO GROUPE3.LESSIEGES (NOPLACE, NORANG, NOZONE) 
 VALUES (3,16, 1);
 INSERT INTO GROUPE3.LESSIEGES (NOPLACE, NORANG, NOZONE) 
 VALUES (4,16, 1);
 INSERT INTO GROUPE3.LESSIEGES (NOPLACE, NORANG, NOZONE) 
 VALUES (5,16, 1);
 INSERT INTO GROUPE3.LESSIEGES (NOPLACE, NORANG, NOZONE) 
 VALUES (6,16, 1);
 INSERT INTO GROUPE3.LESSIEGES (NOPLACE, NORANG, NOZONE) 
 VALUES (7,16, 1);
 INSERT INTO GROUPE3.LESSIEGES (NOPLACE, NORANG, NOZONE) 
 VALUES (8,16, 1);
 INSERT INTO GROUPE3.LESSIEGES (NOPLACE, NORANG, NOZONE) 
 VALUES (9,16, 1);
 INSERT INTO GROUPE3.LESSIEGES (NOPLACE, NORANG, NOZONE) 
 VALUES (10,16, 1);
 INSERT INTO GROUPE3.LESSIEGES (NOPLACE, NORANG, NOZONE) 
 VALUES (11,16, 1);
 INSERT INTO GROUPE3.LESSIEGES (NOPLACE, NORANG, NOZONE) 
 VALUES (12,16, 1);
 INSERT INTO GROUPE3.LESSIEGES (NOPLACE, NORANG, NOZONE) 
 VALUES (13,16, 1);
 INSERT INTO GROUPE3.LESSIEGES (NOPLACE, NORANG, NOZONE) 
 VALUES (14,16, 1);
 INSERT INTO GROUPE3.LESSIEGES (NOPLACE, NORANG, NOZONE) 
 VALUES (15,16, 1);
 INSERT INTO GROUPE3.LESSIEGES (NOPLACE, NORANG, NOZONE) 
 VALUES (16,16, 1);
 INSERT INTO GROUPE3.LESSIEGES (NOPLACE, NORANG, NOZONE) 
 VALUES (17,16, 1);
 INSERT INTO GROUPE3.LESSIEGES (NOPLACE, NORANG, NOZONE) 
 VALUES (18,16, 1);
 INSERT INTO GROUPE3.LESSIEGES (NOPLACE, NORANG, NOZONE) 
 VALUES (19,16, 1);
 INSERT INTO GROUPE3.LESSIEGES (NOPLACE, NORANG, NOZONE) 
 VALUES (20,16, 1);
 INSERT INTO GROUPE3.LESSIEGES (NOPLACE, NORANG, NOZONE) 
 VALUES (1,17, 1);
 INSERT INTO GROUPE3.LESSIEGES (NOPLACE, NORANG, NOZONE) 
 VALUES (2,17, 1);
 INSERT INTO GROUPE3.LESSIEGES (NOPLACE, NORANG, NOZONE) 
 VALUES (3,17, 1);
 INSERT INTO GROUPE3.LESSIEGES (NOPLACE, NORANG, NOZONE) 
 VALUES (4,17, 1);
 INSERT INTO GROUPE3.LESSIEGES (NOPLACE, NORANG, NOZONE) 
 VALUES (5,17, 1);
 INSERT INTO GROUPE3.LESSIEGES (NOPLACE, NORANG, NOZONE) 
 VALUES (6,17, 1);
 INSERT INTO GROUPE3.LESSIEGES (NOPLACE, NORANG, NOZONE) 
 VALUES (7,17, 1);
 INSERT INTO GROUPE3.LESSIEGES (NOPLACE, NORANG, NOZONE) 
 VALUES (8,17, 1);
 INSERT INTO GROUPE3.LESSIEGES (NOPLACE, NORANG, NOZONE) 
 VALUES (9,17, 1);
 INSERT INTO GROUPE3.LESSIEGES (NOPLACE, NORANG, NOZONE) 
 VALUES (10,17, 1);
 INSERT INTO GROUPE3.LESSIEGES (NOPLACE, NORANG, NOZONE) 
 VALUES (11,17, 1);
 INSERT INTO GROUPE3.LESSIEGES (NOPLACE, NORANG, NOZONE) 
 VALUES (12,17, 1);
 INSERT INTO GROUPE3.LESSIEGES (NOPLACE, NORANG, NOZONE) 
 VALUES (13,17, 1);
 INSERT INTO GROUPE3.LESSIEGES (NOPLACE, NORANG, NOZONE) 
 VALUES (14,17, 1);
 INSERT INTO GROUPE3.LESSIEGES (NOPLACE, NORANG, NOZONE) 
 VALUES (15,17, 1);
 INSERT INTO GROUPE3.LESSIEGES (NOPLACE, NORANG, NOZONE) 
 VALUES (16,17, 1);
 INSERT INTO GROUPE3.LESSIEGES (NOPLACE, NORANG, NOZONE) 
 VALUES (17,17, 1);
 INSERT INTO GROUPE3.LESSIEGES (NOPLACE, NORANG, NOZONE) 
 VALUES (18,17, 1);
 INSERT INTO GROUPE3.LESSIEGES (NOPLACE, NORANG, NOZONE) 
 VALUES (19,17, 1);
 INSERT INTO GROUPE3.LESSIEGES (NOPLACE, NORANG, NOZONE) 
 VALUES (20,17, 1);
 INSERT INTO GROUPE3.LESSIEGES (NOPLACE, NORANG, NOZONE) 
 VALUES (1,18, 1);
 INSERT INTO GROUPE3.LESSIEGES (NOPLACE, NORANG, NOZONE) 
 VALUES (2,18, 1);
 INSERT INTO GROUPE3.LESSIEGES (NOPLACE, NORANG, NOZONE) 
 VALUES (3,18, 1);
 INSERT INTO GROUPE3.LESSIEGES (NOPLACE, NORANG, NOZONE) 
 VALUES (4,18, 1);
 INSERT INTO GROUPE3.LESSIEGES (NOPLACE, NORANG, NOZONE) 
 VALUES (5,18, 1);
 INSERT INTO GROUPE3.LESSIEGES (NOPLACE, NORANG, NOZONE) 
 VALUES (6,18, 1);
 INSERT INTO GROUPE3.LESSIEGES (NOPLACE, NORANG, NOZONE) 
 VALUES (7,18, 1);
 INSERT INTO GROUPE3.LESSIEGES (NOPLACE, NORANG, NOZONE) 
 VALUES (8,18, 1);
 INSERT INTO GROUPE3.LESSIEGES (NOPLACE, NORANG, NOZONE) 
 VALUES (9,18, 1);
 INSERT INTO GROUPE3.LESSIEGES (NOPLACE, NORANG, NOZONE) 
 VALUES (10,18, 1);
 INSERT INTO GROUPE3.LESSIEGES (NOPLACE, NORANG, NOZONE) 
 VALUES (11,18, 1);
 INSERT INTO GROUPE3.LESSIEGES (NOPLACE, NORANG, NOZONE) 
 VALUES (12,18, 1);
 INSERT INTO GROUPE3.LESSIEGES (NOPLACE, NORANG, NOZONE) 
 VALUES (13,18, 1);
 INSERT INTO GROUPE3.LESSIEGES (NOPLACE, NORANG, NOZONE) 
 VALUES (14,18, 1);
 INSERT INTO GROUPE3.LESSIEGES (NOPLACE, NORANG, NOZONE) 
 VALUES (15,18, 1);
 INSERT INTO GROUPE3.LESSIEGES (NOPLACE, NORANG, NOZONE) 
 VALUES (16,18, 1);
 INSERT INTO GROUPE3.LESSIEGES (NOPLACE, NORANG, NOZONE) 
 VALUES (17,18, 1);
 INSERT INTO GROUPE3.LESSIEGES (NOPLACE, NORANG, NOZONE) 
 VALUES (18,18, 1);
 INSERT INTO GROUPE3.LESSIEGES (NOPLACE, NORANG, NOZONE) 
 VALUES (19,18, 1);
 INSERT INTO GROUPE3.LESSIEGES (NOPLACE, NORANG, NOZONE) 
 VALUES (20,18, 1);
 INSERT INTO GROUPE3.LESSIEGES (NOPLACE, NORANG, NOZONE) 
 VALUES (1,19, 1);
 INSERT INTO GROUPE3.LESSIEGES (NOPLACE, NORANG, NOZONE) 
 VALUES (2,19, 1);
 INSERT INTO GROUPE3.LESSIEGES (NOPLACE, NORANG, NOZONE) 
 VALUES (3,19, 1);
 INSERT INTO GROUPE3.LESSIEGES (NOPLACE, NORANG, NOZONE) 
 VALUES (4,19, 1);
 INSERT INTO GROUPE3.LESSIEGES (NOPLACE, NORANG, NOZONE) 
 VALUES (5,19, 1);
 INSERT INTO GROUPE3.LESSIEGES (NOPLACE, NORANG, NOZONE) 
 VALUES (6,19, 1);
 INSERT INTO GROUPE3.LESSIEGES (NOPLACE, NORANG, NOZONE) 
 VALUES (7,19, 1);
 INSERT INTO GROUPE3.LESSIEGES (NOPLACE, NORANG, NOZONE) 
 VALUES (8,19, 1);
 INSERT INTO GROUPE3.LESSIEGES (NOPLACE, NORANG, NOZONE) 
 VALUES (9,19, 1);
 INSERT INTO GROUPE3.LESSIEGES (NOPLACE, NORANG, NOZONE) 
 VALUES (10,19, 1);
 INSERT INTO GROUPE3.LESSIEGES (NOPLACE, NORANG, NOZONE) 
 VALUES (11,19, 1);
 INSERT INTO GROUPE3.LESSIEGES (NOPLACE, NORANG, NOZONE) 
 VALUES (12,19, 1);
 INSERT INTO GROUPE3.LESSIEGES (NOPLACE, NORANG, NOZONE) 
 VALUES (13,19, 1);
 INSERT INTO GROUPE3.LESSIEGES (NOPLACE, NORANG, NOZONE) 
 VALUES (14,19, 1);
 INSERT INTO GROUPE3.LESSIEGES (NOPLACE, NORANG, NOZONE) 
 VALUES (15,19, 1);
 INSERT INTO GROUPE3.LESSIEGES (NOPLACE, NORANG, NOZONE) 
 VALUES (16,19, 1);
 INSERT INTO GROUPE3.LESSIEGES (NOPLACE, NORANG, NOZONE) 
 VALUES (17,19, 1);
 INSERT INTO GROUPE3.LESSIEGES (NOPLACE, NORANG, NOZONE) 
 VALUES (18,19, 1);
 INSERT INTO GROUPE3.LESSIEGES (NOPLACE, NORANG, NOZONE) 
 VALUES (19,19, 1);
 INSERT INTO GROUPE3.LESSIEGES (NOPLACE, NORANG, NOZONE) 
 VALUES (20,19, 1);
 INSERT INTO GROUPE3.LESSIEGES (NOPLACE, NORANG, NOZONE) 
 VALUES (1,20, 2);
 INSERT INTO GROUPE3.LESSIEGES (NOPLACE, NORANG, NOZONE) 
 VALUES (2,20, 2);
 INSERT INTO GROUPE3.LESSIEGES (NOPLACE, NORANG, NOZONE) 
 VALUES (3,20, 2);
 INSERT INTO GROUPE3.LESSIEGES (NOPLACE, NORANG, NOZONE) 
 VALUES (4,20, 2);
 INSERT INTO GROUPE3.LESSIEGES (NOPLACE, NORANG, NOZONE) 
 VALUES (5,20, 2);
 INSERT INTO GROUPE3.LESSIEGES (NOPLACE, NORANG, NOZONE) 
 VALUES (6,20, 2);
 INSERT INTO GROUPE3.LESSIEGES (NOPLACE, NORANG, NOZONE) 
 VALUES (7,20, 2);
 INSERT INTO GROUPE3.LESSIEGES (NOPLACE, NORANG, NOZONE) 
 VALUES (8,20, 2);
 INSERT INTO GROUPE3.LESSIEGES (NOPLACE, NORANG, NOZONE) 
 VALUES (9,20, 2);
 INSERT INTO GROUPE3.LESSIEGES (NOPLACE, NORANG, NOZONE) 
 VALUES (10,20, 2);
 INSERT INTO GROUPE3.LESSIEGES (NOPLACE, NORANG, NOZONE) 
 VALUES (11,20, 2);
 INSERT INTO GROUPE3.LESSIEGES (NOPLACE, NORANG, NOZONE) 
 VALUES (12,20, 2);
 INSERT INTO GROUPE3.LESSIEGES (NOPLACE, NORANG, NOZONE) 
 VALUES (13,20, 2);
 INSERT INTO GROUPE3.LESSIEGES (NOPLACE, NORANG, NOZONE) 
 VALUES (14,20, 2);
 INSERT INTO GROUPE3.LESSIEGES (NOPLACE, NORANG, NOZONE) 
 VALUES (15,20, 2);
 INSERT INTO GROUPE3.LESSIEGES (NOPLACE, NORANG, NOZONE) 
 VALUES (16,20, 2);
 INSERT INTO GROUPE3.LESSIEGES (NOPLACE, NORANG, NOZONE) 
 VALUES (17,20, 2);
 INSERT INTO GROUPE3.LESSIEGES (NOPLACE, NORANG, NOZONE) 
 VALUES (18,20, 2);
 INSERT INTO GROUPE3.LESSIEGES (NOPLACE, NORANG, NOZONE) 
 VALUES (19,20, 2);
 INSERT INTO GROUPE3.LESSIEGES (NOPLACE, NORANG, NOZONE) 
 VALUES (20,20, 2);
 INSERT INTO GROUPE3.LESSIEGES (NOPLACE, NORANG, NOZONE) 
 VALUES (1,21, 2);
 INSERT INTO GROUPE3.LESSIEGES (NOPLACE, NORANG, NOZONE) 
 VALUES (2,21, 2);
 INSERT INTO GROUPE3.LESSIEGES (NOPLACE, NORANG, NOZONE) 
 VALUES (3,21, 2);
 INSERT INTO GROUPE3.LESSIEGES (NOPLACE, NORANG, NOZONE) 
 VALUES (4,21, 2);
 INSERT INTO GROUPE3.LESSIEGES (NOPLACE, NORANG, NOZONE) 
 VALUES (5,21, 2);
 INSERT INTO GROUPE3.LESSIEGES (NOPLACE, NORANG, NOZONE) 
 VALUES (6,21, 2);
 INSERT INTO GROUPE3.LESSIEGES (NOPLACE, NORANG, NOZONE) 
 VALUES (7,21, 2);
 INSERT INTO GROUPE3.LESSIEGES (NOPLACE, NORANG, NOZONE) 
 VALUES (8,21, 2);
 INSERT INTO GROUPE3.LESSIEGES (NOPLACE, NORANG, NOZONE) 
 VALUES (9,21, 2);
 INSERT INTO GROUPE3.LESSIEGES (NOPLACE, NORANG, NOZONE) 
 VALUES (10,21, 2);
 INSERT INTO GROUPE3.LESSIEGES (NOPLACE, NORANG, NOZONE) 
 VALUES (11,21, 2);
 INSERT INTO GROUPE3.LESSIEGES (NOPLACE, NORANG, NOZONE) 
 VALUES (12,21, 2);
 INSERT INTO GROUPE3.LESSIEGES (NOPLACE, NORANG, NOZONE) 
 VALUES (13,21, 2);
 INSERT INTO GROUPE3.LESSIEGES (NOPLACE, NORANG, NOZONE) 
 VALUES (14,21, 2);
 INSERT INTO GROUPE3.LESSIEGES (NOPLACE, NORANG, NOZONE) 
 VALUES (15,21, 2);
 INSERT INTO GROUPE3.LESSIEGES (NOPLACE, NORANG, NOZONE) 
 VALUES (16,21, 2);
 INSERT INTO GROUPE3.LESSIEGES (NOPLACE, NORANG, NOZONE) 
 VALUES (17,21, 2);
 INSERT INTO GROUPE3.LESSIEGES (NOPLACE, NORANG, NOZONE) 
 VALUES (18,21, 2);
 INSERT INTO GROUPE3.LESSIEGES (NOPLACE, NORANG, NOZONE) 
 VALUES (19,21, 2);
 INSERT INTO GROUPE3.LESSIEGES (NOPLACE, NORANG, NOZONE) 
 VALUES (20,21, 2);
 INSERT INTO GROUPE3.LESSIEGES (NOPLACE, NORANG, NOZONE) 
 VALUES (1,22, 2);
 INSERT INTO GROUPE3.LESSIEGES (NOPLACE, NORANG, NOZONE) 
 VALUES (2,22, 2);
 INSERT INTO GROUPE3.LESSIEGES (NOPLACE, NORANG, NOZONE) 
 VALUES (3,22, 2);
 INSERT INTO GROUPE3.LESSIEGES (NOPLACE, NORANG, NOZONE) 
 VALUES (4,22, 2);
 INSERT INTO GROUPE3.LESSIEGES (NOPLACE, NORANG, NOZONE) 
 VALUES (5,22, 2);
 INSERT INTO GROUPE3.LESSIEGES (NOPLACE, NORANG, NOZONE) 
 VALUES (6,22, 2);
 INSERT INTO GROUPE3.LESSIEGES (NOPLACE, NORANG, NOZONE) 
 VALUES (7,22, 2);
 INSERT INTO GROUPE3.LESSIEGES (NOPLACE, NORANG, NOZONE) 
 VALUES (8,22, 2);
 INSERT INTO GROUPE3.LESSIEGES (NOPLACE, NORANG, NOZONE) 
 VALUES (9,22, 2);
 INSERT INTO GROUPE3.LESSIEGES (NOPLACE, NORANG, NOZONE) 
 VALUES (10,22, 2);
 INSERT INTO GROUPE3.LESSIEGES (NOPLACE, NORANG, NOZONE) 
 VALUES (11,22, 2);
 INSERT INTO GROUPE3.LESSIEGES (NOPLACE, NORANG, NOZONE) 
 VALUES (12,22, 2);
 INSERT INTO GROUPE3.LESSIEGES (NOPLACE, NORANG, NOZONE) 
 VALUES (13,22, 2);
 INSERT INTO GROUPE3.LESSIEGES (NOPLACE, NORANG, NOZONE) 
 VALUES (14,22, 2);
 INSERT INTO GROUPE3.LESSIEGES (NOPLACE, NORANG, NOZONE) 
 VALUES (15,22, 2);
 INSERT INTO GROUPE3.LESSIEGES (NOPLACE, NORANG, NOZONE) 
 VALUES (16,22, 2);
 INSERT INTO GROUPE3.LESSIEGES (NOPLACE, NORANG, NOZONE) 
 VALUES (17,22, 2);
 INSERT INTO GROUPE3.LESSIEGES (NOPLACE, NORANG, NOZONE) 
 VALUES (18,22, 2);
 INSERT INTO GROUPE3.LESSIEGES (NOPLACE, NORANG, NOZONE) 
 VALUES (19,22, 2);
 INSERT INTO GROUPE3.LESSIEGES (NOPLACE, NORANG, NOZONE) 
 VALUES (20,22, 2);
 INSERT INTO GROUPE3.LESSIEGES (NOPLACE, NORANG, NOZONE) 
 VALUES (1,23, 2);
 INSERT INTO GROUPE3.LESSIEGES (NOPLACE, NORANG, NOZONE) 
 VALUES (2,23, 2);
 INSERT INTO GROUPE3.LESSIEGES (NOPLACE, NORANG, NOZONE) 
 VALUES (3,23, 2);
 INSERT INTO GROUPE3.LESSIEGES (NOPLACE, NORANG, NOZONE) 
 VALUES (4,23, 2);
 INSERT INTO GROUPE3.LESSIEGES (NOPLACE, NORANG, NOZONE) 
 VALUES (5,23, 2);
 INSERT INTO GROUPE3.LESSIEGES (NOPLACE, NORANG, NOZONE) 
 VALUES (6,23, 2);
 INSERT INTO GROUPE3.LESSIEGES (NOPLACE, NORANG, NOZONE) 
 VALUES (7,23, 2);
 INSERT INTO GROUPE3.LESSIEGES (NOPLACE, NORANG, NOZONE) 
 VALUES (8,23, 2);
 INSERT INTO GROUPE3.LESSIEGES (NOPLACE, NORANG, NOZONE) 
 VALUES (9,23, 2);
 INSERT INTO GROUPE3.LESSIEGES (NOPLACE, NORANG, NOZONE) 
 VALUES (10,23, 2);
 INSERT INTO GROUPE3.LESSIEGES (NOPLACE, NORANG, NOZONE) 
 VALUES (11,23, 2);
 INSERT INTO GROUPE3.LESSIEGES (NOPLACE, NORANG, NOZONE) 
 VALUES (12,23, 2);
 INSERT INTO GROUPE3.LESSIEGES (NOPLACE, NORANG, NOZONE) 
 VALUES (13,23, 2);
 INSERT INTO GROUPE3.LESSIEGES (NOPLACE, NORANG, NOZONE) 
 VALUES (14,23, 2);
 INSERT INTO GROUPE3.LESSIEGES (NOPLACE, NORANG, NOZONE) 
 VALUES (15,23, 2);
 INSERT INTO GROUPE3.LESSIEGES (NOPLACE, NORANG, NOZONE) 
 VALUES (16,23, 2);
 INSERT INTO GROUPE3.LESSIEGES (NOPLACE, NORANG, NOZONE) 
 VALUES (17,23, 2);
 INSERT INTO GROUPE3.LESSIEGES (NOPLACE, NORANG, NOZONE) 
 VALUES (18,23, 2);
 INSERT INTO GROUPE3.LESSIEGES (NOPLACE, NORANG, NOZONE) 
 VALUES (19,23, 2);
 INSERT INTO GROUPE3.LESSIEGES (NOPLACE, NORANG, NOZONE) 
 VALUES (20,23, 2);
 INSERT INTO GROUPE3.LESSIEGES (NOPLACE, NORANG, NOZONE) 
 VALUES (1,24, 2);
 INSERT INTO GROUPE3.LESSIEGES (NOPLACE, NORANG, NOZONE) 
 VALUES (2,24, 2);
 INSERT INTO GROUPE3.LESSIEGES (NOPLACE, NORANG, NOZONE) 
 VALUES (3,24, 2);
 INSERT INTO GROUPE3.LESSIEGES (NOPLACE, NORANG, NOZONE) 
 VALUES (4,24, 2);
 INSERT INTO GROUPE3.LESSIEGES (NOPLACE, NORANG, NOZONE) 
 VALUES (5,24, 2);
 INSERT INTO GROUPE3.LESSIEGES (NOPLACE, NORANG, NOZONE) 
 VALUES (6,24, 2);
 INSERT INTO GROUPE3.LESSIEGES (NOPLACE, NORANG, NOZONE) 
 VALUES (7,24, 2);
 INSERT INTO GROUPE3.LESSIEGES (NOPLACE, NORANG, NOZONE) 
 VALUES (8,24, 2);
 INSERT INTO GROUPE3.LESSIEGES (NOPLACE, NORANG, NOZONE) 
 VALUES (9,24, 2);
 INSERT INTO GROUPE3.LESSIEGES (NOPLACE, NORANG, NOZONE) 
 VALUES (10,24, 2);
 INSERT INTO GROUPE3.LESSIEGES (NOPLACE, NORANG, NOZONE) 
 VALUES (11,24, 2);
 INSERT INTO GROUPE3.LESSIEGES (NOPLACE, NORANG, NOZONE) 
 VALUES (12,24, 2);
 INSERT INTO GROUPE3.LESSIEGES (NOPLACE, NORANG, NOZONE) 
 VALUES (13,24, 2);
 INSERT INTO GROUPE3.LESSIEGES (NOPLACE, NORANG, NOZONE) 
 VALUES (14,24, 2);
 INSERT INTO GROUPE3.LESSIEGES (NOPLACE, NORANG, NOZONE) 
 VALUES (15,24, 2);
 INSERT INTO GROUPE3.LESSIEGES (NOPLACE, NORANG, NOZONE) 
 VALUES (16,24, 2);
 INSERT INTO GROUPE3.LESSIEGES (NOPLACE, NORANG, NOZONE) 
 VALUES (17,24, 2);
 INSERT INTO GROUPE3.LESSIEGES (NOPLACE, NORANG, NOZONE) 
 VALUES (18,24, 2);
 INSERT INTO GROUPE3.LESSIEGES (NOPLACE, NORANG, NOZONE) 
 VALUES (19,24, 2);
 INSERT INTO GROUPE3.LESSIEGES (NOPLACE, NORANG, NOZONE) 
 VALUES (20,24, 2);
 INSERT INTO GROUPE3.LESSIEGES (NOPLACE, NORANG, NOZONE) 
 VALUES (1,25, 2);
 INSERT INTO GROUPE3.LESSIEGES (NOPLACE, NORANG, NOZONE) 
 VALUES (2,25, 2);
 INSERT INTO GROUPE3.LESSIEGES (NOPLACE, NORANG, NOZONE) 
 VALUES (3,25, 2);
 INSERT INTO GROUPE3.LESSIEGES (NOPLACE, NORANG, NOZONE) 
 VALUES (4,25, 2);
 INSERT INTO GROUPE3.LESSIEGES (NOPLACE, NORANG, NOZONE) 
 VALUES (5,25, 2);
 INSERT INTO GROUPE3.LESSIEGES (NOPLACE, NORANG, NOZONE) 
 VALUES (6,25, 2);
 INSERT INTO GROUPE3.LESSIEGES (NOPLACE, NORANG, NOZONE) 
 VALUES (7,25, 2);
 INSERT INTO GROUPE3.LESSIEGES (NOPLACE, NORANG, NOZONE) 
 VALUES (8,25, 2);
 INSERT INTO GROUPE3.LESSIEGES (NOPLACE, NORANG, NOZONE) 
 VALUES (9,25, 2);
 INSERT INTO GROUPE3.LESSIEGES (NOPLACE, NORANG, NOZONE) 
 VALUES (10,25, 2);
 INSERT INTO GROUPE3.LESSIEGES (NOPLACE, NORANG, NOZONE) 
 VALUES (11,25, 2);
 INSERT INTO GROUPE3.LESSIEGES (NOPLACE, NORANG, NOZONE) 
 VALUES (12,25, 2);
 INSERT INTO GROUPE3.LESSIEGES (NOPLACE, NORANG, NOZONE) 
 VALUES (13,25, 2);
 INSERT INTO GROUPE3.LESSIEGES (NOPLACE, NORANG, NOZONE) 
 VALUES (14,25, 2);
 INSERT INTO GROUPE3.LESSIEGES (NOPLACE, NORANG, NOZONE) 
 VALUES (15,25, 2);
 INSERT INTO GROUPE3.LESSIEGES (NOPLACE, NORANG, NOZONE) 
 VALUES (16,25, 2);
 INSERT INTO GROUPE3.LESSIEGES (NOPLACE, NORANG, NOZONE) 
 VALUES (17,25, 2);
 INSERT INTO GROUPE3.LESSIEGES (NOPLACE, NORANG, NOZONE) 
 VALUES (18,25, 2);
 INSERT INTO GROUPE3.LESSIEGES (NOPLACE, NORANG, NOZONE) 
 VALUES (19,25, 2);
 INSERT INTO GROUPE3.LESSIEGES (NOPLACE, NORANG, NOZONE) 
 VALUES (20,25, 2);
 INSERT INTO GROUPE3.LESSIEGES (NOPLACE, NORANG, NOZONE) 
 VALUES (1,26, 2);
 INSERT INTO GROUPE3.LESSIEGES (NOPLACE, NORANG, NOZONE) 
 VALUES (2,26, 2);
 INSERT INTO GROUPE3.LESSIEGES (NOPLACE, NORANG, NOZONE) 
 VALUES (3,26, 2);
 INSERT INTO GROUPE3.LESSIEGES (NOPLACE, NORANG, NOZONE) 
 VALUES (4,26, 2);
 INSERT INTO GROUPE3.LESSIEGES (NOPLACE, NORANG, NOZONE) 
 VALUES (5,26, 2);
 INSERT INTO GROUPE3.LESSIEGES (NOPLACE, NORANG, NOZONE) 
 VALUES (6,26, 2);
 INSERT INTO GROUPE3.LESSIEGES (NOPLACE, NORANG, NOZONE) 
 VALUES (7,26, 2);
 INSERT INTO GROUPE3.LESSIEGES (NOPLACE, NORANG, NOZONE) 
 VALUES (8,26, 2);
 INSERT INTO GROUPE3.LESSIEGES (NOPLACE, NORANG, NOZONE) 
 VALUES (9,26, 2);
 INSERT INTO GROUPE3.LESSIEGES (NOPLACE, NORANG, NOZONE) 
 VALUES (10,26, 2);
 INSERT INTO GROUPE3.LESSIEGES (NOPLACE, NORANG, NOZONE) 
 VALUES (11,26, 2);
 INSERT INTO GROUPE3.LESSIEGES (NOPLACE, NORANG, NOZONE) 
 VALUES (12,26, 2);
 INSERT INTO GROUPE3.LESSIEGES (NOPLACE, NORANG, NOZONE) 
 VALUES (13,26, 2);
 INSERT INTO GROUPE3.LESSIEGES (NOPLACE, NORANG, NOZONE) 
 VALUES (14,26, 2);
 INSERT INTO GROUPE3.LESSIEGES (NOPLACE, NORANG, NOZONE) 
 VALUES (15,26, 2);
 INSERT INTO GROUPE3.LESSIEGES (NOPLACE, NORANG, NOZONE) 
 VALUES (16,26, 2);
 INSERT INTO GROUPE3.LESSIEGES (NOPLACE, NORANG, NOZONE) 
 VALUES (17,26, 2);
 INSERT INTO GROUPE3.LESSIEGES (NOPLACE, NORANG, NOZONE) 
 VALUES (18,26, 2);
 INSERT INTO GROUPE3.LESSIEGES (NOPLACE, NORANG, NOZONE) 
 VALUES (19,26, 2);
 INSERT INTO GROUPE3.LESSIEGES (NOPLACE, NORANG, NOZONE) 
 VALUES (20,26, 2);
 INSERT INTO GROUPE3.LESSIEGES (NOPLACE, NORANG, NOZONE) 
 VALUES (1,27, 2);
 INSERT INTO GROUPE3.LESSIEGES (NOPLACE, NORANG, NOZONE) 
 VALUES (2,27, 2);
 INSERT INTO GROUPE3.LESSIEGES (NOPLACE, NORANG, NOZONE) 
 VALUES (3,27, 2);
 INSERT INTO GROUPE3.LESSIEGES (NOPLACE, NORANG, NOZONE) 
 VALUES (4,27, 2);
 INSERT INTO GROUPE3.LESSIEGES (NOPLACE, NORANG, NOZONE) 
 VALUES (5,27, 2);
 INSERT INTO GROUPE3.LESSIEGES (NOPLACE, NORANG, NOZONE) 
 VALUES (6,27, 2);
 INSERT INTO GROUPE3.LESSIEGES (NOPLACE, NORANG, NOZONE) 
 VALUES (7,27, 2);
 INSERT INTO GROUPE3.LESSIEGES (NOPLACE, NORANG, NOZONE) 
 VALUES (8,27, 2);
 INSERT INTO GROUPE3.LESSIEGES (NOPLACE, NORANG, NOZONE) 
 VALUES (9,27, 2);
 INSERT INTO GROUPE3.LESSIEGES (NOPLACE, NORANG, NOZONE) 
 VALUES (10,27, 2);
 INSERT INTO GROUPE3.LESSIEGES (NOPLACE, NORANG, NOZONE) 
 VALUES (11,27, 2);
 INSERT INTO GROUPE3.LESSIEGES (NOPLACE, NORANG, NOZONE) 
 VALUES (12,27, 2);
 INSERT INTO GROUPE3.LESSIEGES (NOPLACE, NORANG, NOZONE) 
 VALUES (13,27, 2);
 INSERT INTO GROUPE3.LESSIEGES (NOPLACE, NORANG, NOZONE) 
 VALUES (14,27, 2);
 INSERT INTO GROUPE3.LESSIEGES (NOPLACE, NORANG, NOZONE) 
 VALUES (15,27, 2);
 INSERT INTO GROUPE3.LESSIEGES (NOPLACE, NORANG, NOZONE) 
 VALUES (16,27, 2);
 INSERT INTO GROUPE3.LESSIEGES (NOPLACE, NORANG, NOZONE) 
 VALUES (17,27, 2);
 INSERT INTO GROUPE3.LESSIEGES (NOPLACE, NORANG, NOZONE) 
 VALUES (18,27, 2);
 INSERT INTO GROUPE3.LESSIEGES (NOPLACE, NORANG, NOZONE) 
 VALUES (19,27, 2);
 INSERT INTO GROUPE3.LESSIEGES (NOPLACE, NORANG, NOZONE) 
 VALUES (20,27, 2);
 INSERT INTO GROUPE3.LESSIEGES (NOPLACE, NORANG, NOZONE) 
 VALUES (1,28, 2);
 INSERT INTO GROUPE3.LESSIEGES (NOPLACE, NORANG, NOZONE) 
 VALUES (2,28, 2);
 INSERT INTO GROUPE3.LESSIEGES (NOPLACE, NORANG, NOZONE) 
 VALUES (3,28, 2);
 INSERT INTO GROUPE3.LESSIEGES (NOPLACE, NORANG, NOZONE) 
 VALUES (4,28, 2);
 INSERT INTO GROUPE3.LESSIEGES (NOPLACE, NORANG, NOZONE) 
 VALUES (5,28, 2);
 INSERT INTO GROUPE3.LESSIEGES (NOPLACE, NORANG, NOZONE) 
 VALUES (6,28, 2);
 INSERT INTO GROUPE3.LESSIEGES (NOPLACE, NORANG, NOZONE) 
 VALUES (7,28, 2);
 INSERT INTO GROUPE3.LESSIEGES (NOPLACE, NORANG, NOZONE) 
 VALUES (8,28, 2);
 INSERT INTO GROUPE3.LESSIEGES (NOPLACE, NORANG, NOZONE) 
 VALUES (9,28, 2);
 INSERT INTO GROUPE3.LESSIEGES (NOPLACE, NORANG, NOZONE) 
 VALUES (10,28, 2);
 INSERT INTO GROUPE3.LESSIEGES (NOPLACE, NORANG, NOZONE) 
 VALUES (11,28, 2);
 INSERT INTO GROUPE3.LESSIEGES (NOPLACE, NORANG, NOZONE) 
 VALUES (12,28, 2);
 INSERT INTO GROUPE3.LESSIEGES (NOPLACE, NORANG, NOZONE) 
 VALUES (13,28, 2);
 INSERT INTO GROUPE3.LESSIEGES (NOPLACE, NORANG, NOZONE) 
 VALUES (14,28, 2);
 INSERT INTO GROUPE3.LESSIEGES (NOPLACE, NORANG, NOZONE) 
 VALUES (15,28, 2);
 INSERT INTO GROUPE3.LESSIEGES (NOPLACE, NORANG, NOZONE) 
 VALUES (16,28, 2);
 INSERT INTO GROUPE3.LESSIEGES (NOPLACE, NORANG, NOZONE) 
 VALUES (17,28, 2);
 INSERT INTO GROUPE3.LESSIEGES (NOPLACE, NORANG, NOZONE) 
 VALUES (18,28, 2);
 INSERT INTO GROUPE3.LESSIEGES (NOPLACE, NORANG, NOZONE) 
 VALUES (19,28, 2);
 INSERT INTO GROUPE3.LESSIEGES (NOPLACE, NORANG, NOZONE) 
 VALUES (20,28, 2);
 INSERT INTO GROUPE3.LESSIEGES (NOPLACE, NORANG, NOZONE) 
 VALUES (1,29, 2);
 INSERT INTO GROUPE3.LESSIEGES (NOPLACE, NORANG, NOZONE) 
 VALUES (2,29, 2);
 INSERT INTO GROUPE3.LESSIEGES (NOPLACE, NORANG, NOZONE) 
 VALUES (3,29, 2);
 INSERT INTO GROUPE3.LESSIEGES (NOPLACE, NORANG, NOZONE) 
 VALUES (4,29, 2);
 INSERT INTO GROUPE3.LESSIEGES (NOPLACE, NORANG, NOZONE) 
 VALUES (5,29, 2);
 INSERT INTO GROUPE3.LESSIEGES (NOPLACE, NORANG, NOZONE) 
 VALUES (6,29, 2);
 INSERT INTO GROUPE3.LESSIEGES (NOPLACE, NORANG, NOZONE) 
 VALUES (7,29, 2);
 INSERT INTO GROUPE3.LESSIEGES (NOPLACE, NORANG, NOZONE) 
 VALUES (8,29, 2);
 INSERT INTO GROUPE3.LESSIEGES (NOPLACE, NORANG, NOZONE) 
 VALUES (9,29, 2);
 INSERT INTO GROUPE3.LESSIEGES (NOPLACE, NORANG, NOZONE) 
 VALUES (10,29, 2);
 INSERT INTO GROUPE3.LESSIEGES (NOPLACE, NORANG, NOZONE) 
 VALUES (11,29, 2);
 INSERT INTO GROUPE3.LESSIEGES (NOPLACE, NORANG, NOZONE) 
 VALUES (12,29, 2);
 INSERT INTO GROUPE3.LESSIEGES (NOPLACE, NORANG, NOZONE) 
 VALUES (13,29, 2);
 INSERT INTO GROUPE3.LESSIEGES (NOPLACE, NORANG, NOZONE) 
 VALUES (14,29, 2);
 INSERT INTO GROUPE3.LESSIEGES (NOPLACE, NORANG, NOZONE) 
 VALUES (15,29, 2);
 INSERT INTO GROUPE3.LESSIEGES (NOPLACE, NORANG, NOZONE) 
 VALUES (16,29, 2);
 INSERT INTO GROUPE3.LESSIEGES (NOPLACE, NORANG, NOZONE) 
 VALUES (17,29, 2);
 INSERT INTO GROUPE3.LESSIEGES (NOPLACE, NORANG, NOZONE) 
 VALUES (18,29, 2);
 INSERT INTO GROUPE3.LESSIEGES (NOPLACE, NORANG, NOZONE) 
 VALUES (19,29, 2);
 INSERT INTO GROUPE3.LESSIEGES (NOPLACE, NORANG, NOZONE) 
 VALUES (20,29, 2);
 INSERT INTO GROUPE3.LESSIEGES (NOPLACE, NORANG, NOZONE) 
 VALUES (1,30, 3);
 INSERT INTO GROUPE3.LESSIEGES (NOPLACE, NORANG, NOZONE) 
 VALUES (2,30, 3);
 INSERT INTO GROUPE3.LESSIEGES (NOPLACE, NORANG, NOZONE) 
 VALUES (3,30, 3);
 INSERT INTO GROUPE3.LESSIEGES (NOPLACE, NORANG, NOZONE) 
 VALUES (4,30, 3);
 INSERT INTO GROUPE3.LESSIEGES (NOPLACE, NORANG, NOZONE) 
 VALUES (5,30, 3);
 INSERT INTO GROUPE3.LESSIEGES (NOPLACE, NORANG, NOZONE) 
 VALUES (6,30, 3);
 INSERT INTO GROUPE3.LESSIEGES (NOPLACE, NORANG, NOZONE) 
 VALUES (7,30, 3);
 INSERT INTO GROUPE3.LESSIEGES (NOPLACE, NORANG, NOZONE) 
 VALUES (8,30, 3);
 INSERT INTO GROUPE3.LESSIEGES (NOPLACE, NORANG, NOZONE) 
 VALUES (9,30, 3);
 INSERT INTO GROUPE3.LESSIEGES (NOPLACE, NORANG, NOZONE) 
 VALUES (10,30, 3);
 INSERT INTO GROUPE3.LESSIEGES (NOPLACE, NORANG, NOZONE) 
 VALUES (11,30, 3);
 INSERT INTO GROUPE3.LESSIEGES (NOPLACE, NORANG, NOZONE) 
 VALUES (12,30, 3);
 INSERT INTO GROUPE3.LESSIEGES (NOPLACE, NORANG, NOZONE) 
 VALUES (13,30, 3);
 INSERT INTO GROUPE3.LESSIEGES (NOPLACE, NORANG, NOZONE) 
 VALUES (14,30, 3);
 INSERT INTO GROUPE3.LESSIEGES (NOPLACE, NORANG, NOZONE) 
 VALUES (15,30, 3);
 INSERT INTO GROUPE3.LESSIEGES (NOPLACE, NORANG, NOZONE) 
 VALUES (16,30, 3);
 INSERT INTO GROUPE3.LESSIEGES (NOPLACE, NORANG, NOZONE) 
 VALUES (17,30, 3);
 INSERT INTO GROUPE3.LESSIEGES (NOPLACE, NORANG, NOZONE) 
 VALUES (18,30, 3);
 INSERT INTO GROUPE3.LESSIEGES (NOPLACE, NORANG, NOZONE) 
 VALUES (19,30, 3);
 INSERT INTO GROUPE3.LESSIEGES (NOPLACE, NORANG, NOZONE) 
 VALUES (20,30, 3);
 INSERT INTO GROUPE3.LESSIEGES (NOPLACE, NORANG, NOZONE) 
 VALUES (1,31, 3);
 INSERT INTO GROUPE3.LESSIEGES (NOPLACE, NORANG, NOZONE) 
 VALUES (2,31, 3);
 INSERT INTO GROUPE3.LESSIEGES (NOPLACE, NORANG, NOZONE) 
 VALUES (3,31, 3);
 INSERT INTO GROUPE3.LESSIEGES (NOPLACE, NORANG, NOZONE) 
 VALUES (4,31, 3);
 INSERT INTO GROUPE3.LESSIEGES (NOPLACE, NORANG, NOZONE) 
 VALUES (5,31, 3);
 INSERT INTO GROUPE3.LESSIEGES (NOPLACE, NORANG, NOZONE) 
 VALUES (6,31, 3);
 INSERT INTO GROUPE3.LESSIEGES (NOPLACE, NORANG, NOZONE) 
 VALUES (7,31, 3);
 INSERT INTO GROUPE3.LESSIEGES (NOPLACE, NORANG, NOZONE) 
 VALUES (8,31, 3);
 INSERT INTO GROUPE3.LESSIEGES (NOPLACE, NORANG, NOZONE) 
 VALUES (9,31, 3);
 INSERT INTO GROUPE3.LESSIEGES (NOPLACE, NORANG, NOZONE) 
 VALUES (10,31, 3);
 INSERT INTO GROUPE3.LESSIEGES (NOPLACE, NORANG, NOZONE) 
 VALUES (11,31, 3);
 INSERT INTO GROUPE3.LESSIEGES (NOPLACE, NORANG, NOZONE) 
 VALUES (12,31, 3);
 INSERT INTO GROUPE3.LESSIEGES (NOPLACE, NORANG, NOZONE) 
 VALUES (13,31, 3);
 INSERT INTO GROUPE3.LESSIEGES (NOPLACE, NORANG, NOZONE) 
 VALUES (14,31, 3);
 INSERT INTO GROUPE3.LESSIEGES (NOPLACE, NORANG, NOZONE) 
 VALUES (15,31, 3);
 INSERT INTO GROUPE3.LESSIEGES (NOPLACE, NORANG, NOZONE) 
 VALUES (16,31, 3);
 INSERT INTO GROUPE3.LESSIEGES (NOPLACE, NORANG, NOZONE) 
 VALUES (17,31, 3);
 INSERT INTO GROUPE3.LESSIEGES (NOPLACE, NORANG, NOZONE) 
 VALUES (18,31, 3);
 INSERT INTO GROUPE3.LESSIEGES (NOPLACE, NORANG, NOZONE) 
 VALUES (19,31, 3);
 INSERT INTO GROUPE3.LESSIEGES (NOPLACE, NORANG, NOZONE) 
 VALUES (20,31, 3);
 INSERT INTO GROUPE3.LESSIEGES (NOPLACE, NORANG, NOZONE) 
 VALUES (1,32, 3);
 INSERT INTO GROUPE3.LESSIEGES (NOPLACE, NORANG, NOZONE) 
 VALUES (2,32, 3);
 INSERT INTO GROUPE3.LESSIEGES (NOPLACE, NORANG, NOZONE) 
 VALUES (3,32, 3);
 INSERT INTO GROUPE3.LESSIEGES (NOPLACE, NORANG, NOZONE) 
 VALUES (4,32, 3);
 INSERT INTO GROUPE3.LESSIEGES (NOPLACE, NORANG, NOZONE) 
 VALUES (5,32, 3);
 INSERT INTO GROUPE3.LESSIEGES (NOPLACE, NORANG, NOZONE) 
 VALUES (6,32, 3);
 INSERT INTO GROUPE3.LESSIEGES (NOPLACE, NORANG, NOZONE) 
 VALUES (7,32, 3);
 INSERT INTO GROUPE3.LESSIEGES (NOPLACE, NORANG, NOZONE) 
 VALUES (8,32, 3);
 INSERT INTO GROUPE3.LESSIEGES (NOPLACE, NORANG, NOZONE) 
 VALUES (9,32, 3);
 INSERT INTO GROUPE3.LESSIEGES (NOPLACE, NORANG, NOZONE) 
 VALUES (10,32, 3);
 INSERT INTO GROUPE3.LESSIEGES (NOPLACE, NORANG, NOZONE) 
 VALUES (11,32, 3);
 INSERT INTO GROUPE3.LESSIEGES (NOPLACE, NORANG, NOZONE) 
 VALUES (12,32, 3);
 INSERT INTO GROUPE3.LESSIEGES (NOPLACE, NORANG, NOZONE) 
 VALUES (13,32, 3);
 INSERT INTO GROUPE3.LESSIEGES (NOPLACE, NORANG, NOZONE) 
 VALUES (14,32, 3);
 INSERT INTO GROUPE3.LESSIEGES (NOPLACE, NORANG, NOZONE) 
 VALUES (15,32, 3);
 INSERT INTO GROUPE3.LESSIEGES (NOPLACE, NORANG, NOZONE) 
 VALUES (16,32, 3);
 INSERT INTO GROUPE3.LESSIEGES (NOPLACE, NORANG, NOZONE) 
 VALUES (17,32, 3);
 INSERT INTO GROUPE3.LESSIEGES (NOPLACE, NORANG, NOZONE) 
 VALUES (18,32, 3);
 INSERT INTO GROUPE3.LESSIEGES (NOPLACE, NORANG, NOZONE) 
 VALUES (19,32, 3);
 INSERT INTO GROUPE3.LESSIEGES (NOPLACE, NORANG, NOZONE) 
 VALUES (20,32, 3);
 INSERT INTO GROUPE3.LESSIEGES (NOPLACE, NORANG, NOZONE) 
 VALUES (1,33, 3);
 INSERT INTO GROUPE3.LESSIEGES (NOPLACE, NORANG, NOZONE) 
 VALUES (2,33, 3);
 INSERT INTO GROUPE3.LESSIEGES (NOPLACE, NORANG, NOZONE) 
 VALUES (3,33, 3);
 INSERT INTO GROUPE3.LESSIEGES (NOPLACE, NORANG, NOZONE) 
 VALUES (4,33, 3);
 INSERT INTO GROUPE3.LESSIEGES (NOPLACE, NORANG, NOZONE) 
 VALUES (5,33, 3);
 INSERT INTO GROUPE3.LESSIEGES (NOPLACE, NORANG, NOZONE) 
 VALUES (6,33, 3);
 INSERT INTO GROUPE3.LESSIEGES (NOPLACE, NORANG, NOZONE) 
 VALUES (7,33, 3);
 INSERT INTO GROUPE3.LESSIEGES (NOPLACE, NORANG, NOZONE) 
 VALUES (8,33, 3);
 INSERT INTO GROUPE3.LESSIEGES (NOPLACE, NORANG, NOZONE) 
 VALUES (9,33, 3);
 INSERT INTO GROUPE3.LESSIEGES (NOPLACE, NORANG, NOZONE) 
 VALUES (10,33, 3);
 INSERT INTO GROUPE3.LESSIEGES (NOPLACE, NORANG, NOZONE) 
 VALUES (11,33, 3);
 INSERT INTO GROUPE3.LESSIEGES (NOPLACE, NORANG, NOZONE) 
 VALUES (12,33, 3);
 INSERT INTO GROUPE3.LESSIEGES (NOPLACE, NORANG, NOZONE) 
 VALUES (13,33, 3);
 INSERT INTO GROUPE3.LESSIEGES (NOPLACE, NORANG, NOZONE) 
 VALUES (14,33, 3);
 INSERT INTO GROUPE3.LESSIEGES (NOPLACE, NORANG, NOZONE) 
 VALUES (15,33, 3);
 INSERT INTO GROUPE3.LESSIEGES (NOPLACE, NORANG, NOZONE) 
 VALUES (16,33, 3);
 INSERT INTO GROUPE3.LESSIEGES (NOPLACE, NORANG, NOZONE) 
 VALUES (17,33, 3);
 INSERT INTO GROUPE3.LESSIEGES (NOPLACE, NORANG, NOZONE) 
 VALUES (18,33, 3);
 INSERT INTO GROUPE3.LESSIEGES (NOPLACE, NORANG, NOZONE) 
 VALUES (19,33, 3);
 INSERT INTO GROUPE3.LESSIEGES (NOPLACE, NORANG, NOZONE) 
 VALUES (20,33, 3);
 INSERT INTO GROUPE3.LESSIEGES (NOPLACE, NORANG, NOZONE) 
 VALUES (1,34, 3);
 INSERT INTO GROUPE3.LESSIEGES (NOPLACE, NORANG, NOZONE) 
 VALUES (2,34, 3);
 INSERT INTO GROUPE3.LESSIEGES (NOPLACE, NORANG, NOZONE) 
 VALUES (3,34, 3);
 INSERT INTO GROUPE3.LESSIEGES (NOPLACE, NORANG, NOZONE) 
 VALUES (4,34, 3);
 INSERT INTO GROUPE3.LESSIEGES (NOPLACE, NORANG, NOZONE) 
 VALUES (5,34, 3);
 INSERT INTO GROUPE3.LESSIEGES (NOPLACE, NORANG, NOZONE) 
 VALUES (6,34, 3);
 INSERT INTO GROUPE3.LESSIEGES (NOPLACE, NORANG, NOZONE) 
 VALUES (7,34, 3);
 INSERT INTO GROUPE3.LESSIEGES (NOPLACE, NORANG, NOZONE) 
 VALUES (8,34, 3);
 INSERT INTO GROUPE3.LESSIEGES (NOPLACE, NORANG, NOZONE) 
 VALUES (9,34, 3);
 INSERT INTO GROUPE3.LESSIEGES (NOPLACE, NORANG, NOZONE) 
 VALUES (10,34, 3);
 INSERT INTO GROUPE3.LESSIEGES (NOPLACE, NORANG, NOZONE) 
 VALUES (11,34, 3);
 INSERT INTO GROUPE3.LESSIEGES (NOPLACE, NORANG, NOZONE) 
 VALUES (12,34, 3);
 INSERT INTO GROUPE3.LESSIEGES (NOPLACE, NORANG, NOZONE) 
 VALUES (13,34, 3);
 INSERT INTO GROUPE3.LESSIEGES (NOPLACE, NORANG, NOZONE) 
 VALUES (14,34, 3);
 INSERT INTO GROUPE3.LESSIEGES (NOPLACE, NORANG, NOZONE) 
 VALUES (15,34, 3);
 INSERT INTO GROUPE3.LESSIEGES (NOPLACE, NORANG, NOZONE) 
 VALUES (16,34, 3);
 INSERT INTO GROUPE3.LESSIEGES (NOPLACE, NORANG, NOZONE) 
 VALUES (17,34, 3);
 INSERT INTO GROUPE3.LESSIEGES (NOPLACE, NORANG, NOZONE) 
 VALUES (18,34, 3);
 INSERT INTO GROUPE3.LESSIEGES (NOPLACE, NORANG, NOZONE) 
 VALUES (19,34, 3);
 INSERT INTO GROUPE3.LESSIEGES (NOPLACE, NORANG, NOZONE) 
 VALUES (20,34, 3);
 INSERT INTO GROUPE3.LESSIEGES (NOPLACE, NORANG, NOZONE) 
 VALUES (1,35, 3);
 INSERT INTO GROUPE3.LESSIEGES (NOPLACE, NORANG, NOZONE) 
 VALUES (2,35, 3);
 INSERT INTO GROUPE3.LESSIEGES (NOPLACE, NORANG, NOZONE) 
 VALUES (3,35, 3);
 INSERT INTO GROUPE3.LESSIEGES (NOPLACE, NORANG, NOZONE) 
 VALUES (4,35, 3);
 INSERT INTO GROUPE3.LESSIEGES (NOPLACE, NORANG, NOZONE) 
 VALUES (5,35, 3);
 INSERT INTO GROUPE3.LESSIEGES (NOPLACE, NORANG, NOZONE) 
 VALUES (6,35, 3);
 INSERT INTO GROUPE3.LESSIEGES (NOPLACE, NORANG, NOZONE) 
 VALUES (7,35, 3);
 INSERT INTO GROUPE3.LESSIEGES (NOPLACE, NORANG, NOZONE) 
 VALUES (8,35, 3);
 INSERT INTO GROUPE3.LESSIEGES (NOPLACE, NORANG, NOZONE) 
 VALUES (9,35, 3);
 INSERT INTO GROUPE3.LESSIEGES (NOPLACE, NORANG, NOZONE) 
 VALUES (10,35, 3);
 INSERT INTO GROUPE3.LESSIEGES (NOPLACE, NORANG, NOZONE) 
 VALUES (11,35, 3);
 INSERT INTO GROUPE3.LESSIEGES (NOPLACE, NORANG, NOZONE) 
 VALUES (12,35, 3);
 INSERT INTO GROUPE3.LESSIEGES (NOPLACE, NORANG, NOZONE) 
 VALUES (13,35, 3);
 INSERT INTO GROUPE3.LESSIEGES (NOPLACE, NORANG, NOZONE) 
 VALUES (14,35, 3);
 INSERT INTO GROUPE3.LESSIEGES (NOPLACE, NORANG, NOZONE) 
 VALUES (15,35, 3);
 INSERT INTO GROUPE3.LESSIEGES (NOPLACE, NORANG, NOZONE) 
 VALUES (16,35, 3);
 INSERT INTO GROUPE3.LESSIEGES (NOPLACE, NORANG, NOZONE) 
 VALUES (17,35, 3);
 INSERT INTO GROUPE3.LESSIEGES (NOPLACE, NORANG, NOZONE) 
 VALUES (18,35, 3);
 INSERT INTO GROUPE3.LESSIEGES (NOPLACE, NORANG, NOZONE) 
 VALUES (19,35, 3);
 INSERT INTO GROUPE3.LESSIEGES (NOPLACE, NORANG, NOZONE) 
 VALUES (20,35, 3);
 INSERT INTO GROUPE3.LESSIEGES (NOPLACE, NORANG, NOZONE) 
 VALUES (1,36, 3);
 INSERT INTO GROUPE3.LESSIEGES (NOPLACE, NORANG, NOZONE) 
 VALUES (2,36, 3);
 INSERT INTO GROUPE3.LESSIEGES (NOPLACE, NORANG, NOZONE) 
 VALUES (3,36, 3);
 INSERT INTO GROUPE3.LESSIEGES (NOPLACE, NORANG, NOZONE) 
 VALUES (4,36, 3);
 INSERT INTO GROUPE3.LESSIEGES (NOPLACE, NORANG, NOZONE) 
 VALUES (5,36, 3);
 INSERT INTO GROUPE3.LESSIEGES (NOPLACE, NORANG, NOZONE) 
 VALUES (6,36, 3);
 INSERT INTO GROUPE3.LESSIEGES (NOPLACE, NORANG, NOZONE) 
 VALUES (7,36, 3);
 INSERT INTO GROUPE3.LESSIEGES (NOPLACE, NORANG, NOZONE) 
 VALUES (8,36, 3);
 INSERT INTO GROUPE3.LESSIEGES (NOPLACE, NORANG, NOZONE) 
 VALUES (9,36, 3);
 INSERT INTO GROUPE3.LESSIEGES (NOPLACE, NORANG, NOZONE) 
 VALUES (10,36, 3);
 INSERT INTO GROUPE3.LESSIEGES (NOPLACE, NORANG, NOZONE) 
 VALUES (11,36, 3);
 INSERT INTO GROUPE3.LESSIEGES (NOPLACE, NORANG, NOZONE) 
 VALUES (12,36, 3);
 INSERT INTO GROUPE3.LESSIEGES (NOPLACE, NORANG, NOZONE) 
 VALUES (13,36, 3);
 INSERT INTO GROUPE3.LESSIEGES (NOPLACE, NORANG, NOZONE) 
 VALUES (14,36, 3);
 INSERT INTO GROUPE3.LESSIEGES (NOPLACE, NORANG, NOZONE) 
 VALUES (15,36, 3);
 INSERT INTO GROUPE3.LESSIEGES (NOPLACE, NORANG, NOZONE) 
 VALUES (16,36, 3);
 INSERT INTO GROUPE3.LESSIEGES (NOPLACE, NORANG, NOZONE) 
 VALUES (17,36, 3);
 INSERT INTO GROUPE3.LESSIEGES (NOPLACE, NORANG, NOZONE) 
 VALUES (18,36, 3);
 INSERT INTO GROUPE3.LESSIEGES (NOPLACE, NORANG, NOZONE) 
 VALUES (19,36, 3);
 INSERT INTO GROUPE3.LESSIEGES (NOPLACE, NORANG, NOZONE) 
 VALUES (20,36, 3);
 INSERT INTO GROUPE3.LESSIEGES (NOPLACE, NORANG, NOZONE) 
 VALUES (1,37, 3);
 INSERT INTO GROUPE3.LESSIEGES (NOPLACE, NORANG, NOZONE) 
 VALUES (2,37, 3);
 INSERT INTO GROUPE3.LESSIEGES (NOPLACE, NORANG, NOZONE) 
 VALUES (3,37, 3);
 INSERT INTO GROUPE3.LESSIEGES (NOPLACE, NORANG, NOZONE) 
 VALUES (4,37, 3);
 INSERT INTO GROUPE3.LESSIEGES (NOPLACE, NORANG, NOZONE) 
 VALUES (5,37, 3);
 INSERT INTO GROUPE3.LESSIEGES (NOPLACE, NORANG, NOZONE) 
 VALUES (6,37, 3);
 INSERT INTO GROUPE3.LESSIEGES (NOPLACE, NORANG, NOZONE) 
 VALUES (7,37, 3);
 INSERT INTO GROUPE3.LESSIEGES (NOPLACE, NORANG, NOZONE) 
 VALUES (8,37, 3);
 INSERT INTO GROUPE3.LESSIEGES (NOPLACE, NORANG, NOZONE) 
 VALUES (9,37, 3);
 INSERT INTO GROUPE3.LESSIEGES (NOPLACE, NORANG, NOZONE) 
 VALUES (10,37, 3);
 INSERT INTO GROUPE3.LESSIEGES (NOPLACE, NORANG, NOZONE) 
 VALUES (11,37, 3);
 INSERT INTO GROUPE3.LESSIEGES (NOPLACE, NORANG, NOZONE) 
 VALUES (12,37, 3);
 INSERT INTO GROUPE3.LESSIEGES (NOPLACE, NORANG, NOZONE) 
 VALUES (13,37, 3);
 INSERT INTO GROUPE3.LESSIEGES (NOPLACE, NORANG, NOZONE) 
 VALUES (14,37, 3);
 INSERT INTO GROUPE3.LESSIEGES (NOPLACE, NORANG, NOZONE) 
 VALUES (15,37, 3);
 INSERT INTO GROUPE3.LESSIEGES (NOPLACE, NORANG, NOZONE) 
 VALUES (16,37, 3);
 INSERT INTO GROUPE3.LESSIEGES (NOPLACE, NORANG, NOZONE) 
 VALUES (17,37, 3);
 INSERT INTO GROUPE3.LESSIEGES (NOPLACE, NORANG, NOZONE) 
 VALUES (18,37, 3);
 INSERT INTO GROUPE3.LESSIEGES (NOPLACE, NORANG, NOZONE) 
 VALUES (19,37, 3);
 INSERT INTO GROUPE3.LESSIEGES (NOPLACE, NORANG, NOZONE) 
 VALUES (20,37, 3);
 INSERT INTO GROUPE3.LESSIEGES (NOPLACE, NORANG, NOZONE) 
 VALUES (1,38, 3);
 INSERT INTO GROUPE3.LESSIEGES (NOPLACE, NORANG, NOZONE) 
 VALUES (2,38, 3);
 INSERT INTO GROUPE3.LESSIEGES (NOPLACE, NORANG, NOZONE) 
 VALUES (3,38, 3);
 INSERT INTO GROUPE3.LESSIEGES (NOPLACE, NORANG, NOZONE) 
 VALUES (4,38, 3);
 INSERT INTO GROUPE3.LESSIEGES (NOPLACE, NORANG, NOZONE) 
 VALUES (5,38, 3);
 INSERT INTO GROUPE3.LESSIEGES (NOPLACE, NORANG, NOZONE) 
 VALUES (6,38, 3);
 INSERT INTO GROUPE3.LESSIEGES (NOPLACE, NORANG, NOZONE) 
 VALUES (7,38, 3);
 INSERT INTO GROUPE3.LESSIEGES (NOPLACE, NORANG, NOZONE) 
 VALUES (8,38, 3);
 INSERT INTO GROUPE3.LESSIEGES (NOPLACE, NORANG, NOZONE) 
 VALUES (9,38, 3);
 INSERT INTO GROUPE3.LESSIEGES (NOPLACE, NORANG, NOZONE) 
 VALUES (10,38, 3);
 INSERT INTO GROUPE3.LESSIEGES (NOPLACE, NORANG, NOZONE) 
 VALUES (11,38, 3);
 INSERT INTO GROUPE3.LESSIEGES (NOPLACE, NORANG, NOZONE) 
 VALUES (12,38, 3);
 INSERT INTO GROUPE3.LESSIEGES (NOPLACE, NORANG, NOZONE) 
 VALUES (13,38, 3);
 INSERT INTO GROUPE3.LESSIEGES (NOPLACE, NORANG, NOZONE) 
 VALUES (14,38, 3);
 INSERT INTO GROUPE3.LESSIEGES (NOPLACE, NORANG, NOZONE) 
 VALUES (15,38, 3);
 INSERT INTO GROUPE3.LESSIEGES (NOPLACE, NORANG, NOZONE) 
 VALUES (16,38, 3);
 INSERT INTO GROUPE3.LESSIEGES (NOPLACE, NORANG, NOZONE) 
 VALUES (17,38, 3);
 INSERT INTO GROUPE3.LESSIEGES (NOPLACE, NORANG, NOZONE) 
 VALUES (18,38, 3);
 INSERT INTO GROUPE3.LESSIEGES (NOPLACE, NORANG, NOZONE) 
 VALUES (19,38, 3);
 INSERT INTO GROUPE3.LESSIEGES (NOPLACE, NORANG, NOZONE) 
 VALUES (20,38, 3);
 INSERT INTO GROUPE3.LESSIEGES (NOPLACE, NORANG, NOZONE) 
 VALUES (1,39, 3);
 INSERT INTO GROUPE3.LESSIEGES (NOPLACE, NORANG, NOZONE) 
 VALUES (2,39, 3);
 INSERT INTO GROUPE3.LESSIEGES (NOPLACE, NORANG, NOZONE) 
 VALUES (3,39, 3);
 INSERT INTO GROUPE3.LESSIEGES (NOPLACE, NORANG, NOZONE) 
 VALUES (4,39, 3);
 INSERT INTO GROUPE3.LESSIEGES (NOPLACE, NORANG, NOZONE) 
 VALUES (5,39, 3);
 INSERT INTO GROUPE3.LESSIEGES (NOPLACE, NORANG, NOZONE) 
 VALUES (6,39, 3);
 INSERT INTO GROUPE3.LESSIEGES (NOPLACE, NORANG, NOZONE) 
 VALUES (7,39, 3);
 INSERT INTO GROUPE3.LESSIEGES (NOPLACE, NORANG, NOZONE) 
 VALUES (8,39, 3);
 INSERT INTO GROUPE3.LESSIEGES (NOPLACE, NORANG, NOZONE) 
 VALUES (9,39, 3);
 INSERT INTO GROUPE3.LESSIEGES (NOPLACE, NORANG, NOZONE) 
 VALUES (10,39, 3);
 INSERT INTO GROUPE3.LESSIEGES (NOPLACE, NORANG, NOZONE) 
 VALUES (11,39, 3);
 INSERT INTO GROUPE3.LESSIEGES (NOPLACE, NORANG, NOZONE) 
 VALUES (12,39, 3);
 INSERT INTO GROUPE3.LESSIEGES (NOPLACE, NORANG, NOZONE) 
 VALUES (13,39, 3);
 INSERT INTO GROUPE3.LESSIEGES (NOPLACE, NORANG, NOZONE) 
 VALUES (14,39, 3);
 INSERT INTO GROUPE3.LESSIEGES (NOPLACE, NORANG, NOZONE) 
 VALUES (15,39, 3);
 INSERT INTO GROUPE3.LESSIEGES (NOPLACE, NORANG, NOZONE) 
 VALUES (16,39, 3);
 INSERT INTO GROUPE3.LESSIEGES (NOPLACE, NORANG, NOZONE) 
 VALUES (17,39, 3);
 INSERT INTO GROUPE3.LESSIEGES (NOPLACE, NORANG, NOZONE) 
 VALUES (18,39, 3);
 INSERT INTO GROUPE3.LESSIEGES (NOPLACE, NORANG, NOZONE) 
 VALUES (19,39, 3);
 INSERT INTO GROUPE3.LESSIEGES (NOPLACE, NORANG, NOZONE) 
 VALUES (20,39, 3);
 INSERT INTO GROUPE3.LESSIEGES (NOPLACE, NORANG, NOZONE) 
 VALUES (1,40, 4);
 INSERT INTO GROUPE3.LESSIEGES (NOPLACE, NORANG, NOZONE) 
 VALUES (2,40, 4);
 INSERT INTO GROUPE3.LESSIEGES (NOPLACE, NORANG, NOZONE) 
 VALUES (3,40, 4);
 INSERT INTO GROUPE3.LESSIEGES (NOPLACE, NORANG, NOZONE) 
 VALUES (4,40, 4);
 INSERT INTO GROUPE3.LESSIEGES (NOPLACE, NORANG, NOZONE) 
 VALUES (5,40, 4);
 INSERT INTO GROUPE3.LESSIEGES (NOPLACE, NORANG, NOZONE) 
 VALUES (6,40, 4);
 INSERT INTO GROUPE3.LESSIEGES (NOPLACE, NORANG, NOZONE) 
 VALUES (7,40, 4);
 INSERT INTO GROUPE3.LESSIEGES (NOPLACE, NORANG, NOZONE) 
 VALUES (8,40, 4);
 INSERT INTO GROUPE3.LESSIEGES (NOPLACE, NORANG, NOZONE) 
 VALUES (9,40, 4);
 INSERT INTO GROUPE3.LESSIEGES (NOPLACE, NORANG, NOZONE) 
 VALUES (10,40, 4);
 INSERT INTO GROUPE3.LESSIEGES (NOPLACE, NORANG, NOZONE) 
 VALUES (11,40, 4);
 INSERT INTO GROUPE3.LESSIEGES (NOPLACE, NORANG, NOZONE) 
 VALUES (12,40, 4);
 INSERT INTO GROUPE3.LESSIEGES (NOPLACE, NORANG, NOZONE) 
 VALUES (13,40, 4);
 INSERT INTO GROUPE3.LESSIEGES (NOPLACE, NORANG, NOZONE) 
 VALUES (14,40, 4);
 INSERT INTO GROUPE3.LESSIEGES (NOPLACE, NORANG, NOZONE) 
 VALUES (15,40, 4);
 INSERT INTO GROUPE3.LESSIEGES (NOPLACE, NORANG, NOZONE) 
 VALUES (16,40, 4);
 INSERT INTO GROUPE3.LESSIEGES (NOPLACE, NORANG, NOZONE) 
 VALUES (17,40, 4);
 INSERT INTO GROUPE3.LESSIEGES (NOPLACE, NORANG, NOZONE) 
 VALUES (18,40, 4);
 INSERT INTO GROUPE3.LESSIEGES (NOPLACE, NORANG, NOZONE) 
 VALUES (19,40, 4);
 INSERT INTO GROUPE3.LESSIEGES (NOPLACE, NORANG, NOZONE) 
 VALUES (20,40, 4);
 INSERT INTO GROUPE3.LESSIEGES (NOPLACE, NORANG, NOZONE) 
 VALUES (1,41, 4);
 INSERT INTO GROUPE3.LESSIEGES (NOPLACE, NORANG, NOZONE) 
 VALUES (2,41, 4);
 INSERT INTO GROUPE3.LESSIEGES (NOPLACE, NORANG, NOZONE) 
 VALUES (3,41, 4);
 INSERT INTO GROUPE3.LESSIEGES (NOPLACE, NORANG, NOZONE) 
 VALUES (4,41, 4);
 INSERT INTO GROUPE3.LESSIEGES (NOPLACE, NORANG, NOZONE) 
 VALUES (5,41, 4);
 INSERT INTO GROUPE3.LESSIEGES (NOPLACE, NORANG, NOZONE) 
 VALUES (6,41, 4);
 INSERT INTO GROUPE3.LESSIEGES (NOPLACE, NORANG, NOZONE) 
 VALUES (7,41, 4);
 INSERT INTO GROUPE3.LESSIEGES (NOPLACE, NORANG, NOZONE) 
 VALUES (8,41, 4);
 INSERT INTO GROUPE3.LESSIEGES (NOPLACE, NORANG, NOZONE) 
 VALUES (9,41, 4);
 INSERT INTO GROUPE3.LESSIEGES (NOPLACE, NORANG, NOZONE) 
 VALUES (10,41, 4);
 INSERT INTO GROUPE3.LESSIEGES (NOPLACE, NORANG, NOZONE) 
 VALUES (11,41, 4);
 INSERT INTO GROUPE3.LESSIEGES (NOPLACE, NORANG, NOZONE) 
 VALUES (12,41, 4);
 INSERT INTO GROUPE3.LESSIEGES (NOPLACE, NORANG, NOZONE) 
 VALUES (13,41, 4);
 INSERT INTO GROUPE3.LESSIEGES (NOPLACE, NORANG, NOZONE) 
 VALUES (14,41, 4);
 INSERT INTO GROUPE3.LESSIEGES (NOPLACE, NORANG, NOZONE) 
 VALUES (15,41, 4);
 INSERT INTO GROUPE3.LESSIEGES (NOPLACE, NORANG, NOZONE) 
 VALUES (16,41, 4);
 INSERT INTO GROUPE3.LESSIEGES (NOPLACE, NORANG, NOZONE) 
 VALUES (17,41, 4);
 INSERT INTO GROUPE3.LESSIEGES (NOPLACE, NORANG, NOZONE) 
 VALUES (18,41, 4);
 INSERT INTO GROUPE3.LESSIEGES (NOPLACE, NORANG, NOZONE) 
 VALUES (19,41, 4);
 INSERT INTO GROUPE3.LESSIEGES (NOPLACE, NORANG, NOZONE) 
 VALUES (20,41, 4);
 INSERT INTO GROUPE3.LESSIEGES (NOPLACE, NORANG, NOZONE) 
 VALUES (1,42, 4);
 INSERT INTO GROUPE3.LESSIEGES (NOPLACE, NORANG, NOZONE) 
 VALUES (2,42, 4);
 INSERT INTO GROUPE3.LESSIEGES (NOPLACE, NORANG, NOZONE) 
 VALUES (3,42, 4);
 INSERT INTO GROUPE3.LESSIEGES (NOPLACE, NORANG, NOZONE) 
 VALUES (4,42, 4);
 INSERT INTO GROUPE3.LESSIEGES (NOPLACE, NORANG, NOZONE) 
 VALUES (5,42, 4);
 INSERT INTO GROUPE3.LESSIEGES (NOPLACE, NORANG, NOZONE) 
 VALUES (6,42, 4);
 INSERT INTO GROUPE3.LESSIEGES (NOPLACE, NORANG, NOZONE) 
 VALUES (7,42, 4);
 INSERT INTO GROUPE3.LESSIEGES (NOPLACE, NORANG, NOZONE) 
 VALUES (8,42, 4);
 INSERT INTO GROUPE3.LESSIEGES (NOPLACE, NORANG, NOZONE) 
 VALUES (9,42, 4);
 INSERT INTO GROUPE3.LESSIEGES (NOPLACE, NORANG, NOZONE) 
 VALUES (10,42, 4);
 INSERT INTO GROUPE3.LESSIEGES (NOPLACE, NORANG, NOZONE) 
 VALUES (11,42, 4);
 INSERT INTO GROUPE3.LESSIEGES (NOPLACE, NORANG, NOZONE) 
 VALUES (12,42, 4);
 INSERT INTO GROUPE3.LESSIEGES (NOPLACE, NORANG, NOZONE) 
 VALUES (13,42, 4);
 INSERT INTO GROUPE3.LESSIEGES (NOPLACE, NORANG, NOZONE) 
 VALUES (14,42, 4);
 INSERT INTO GROUPE3.LESSIEGES (NOPLACE, NORANG, NOZONE) 
 VALUES (15,42, 4);
 INSERT INTO GROUPE3.LESSIEGES (NOPLACE, NORANG, NOZONE) 
 VALUES (16,42, 4);
 INSERT INTO GROUPE3.LESSIEGES (NOPLACE, NORANG, NOZONE) 
 VALUES (17,42, 4);
 INSERT INTO GROUPE3.LESSIEGES (NOPLACE, NORANG, NOZONE) 
 VALUES (18,42, 4);
 INSERT INTO GROUPE3.LESSIEGES (NOPLACE, NORANG, NOZONE) 
 VALUES (19,42, 4);
 INSERT INTO GROUPE3.LESSIEGES (NOPLACE, NORANG, NOZONE) 
 VALUES (20,42, 4);
 INSERT INTO GROUPE3.LESSIEGES (NOPLACE, NORANG, NOZONE) 
 VALUES (1,43, 4);
 INSERT INTO GROUPE3.LESSIEGES (NOPLACE, NORANG, NOZONE) 
 VALUES (2,43, 4);
 INSERT INTO GROUPE3.LESSIEGES (NOPLACE, NORANG, NOZONE) 
 VALUES (3,43, 4);
 INSERT INTO GROUPE3.LESSIEGES (NOPLACE, NORANG, NOZONE) 
 VALUES (4,43, 4);
 INSERT INTO GROUPE3.LESSIEGES (NOPLACE, NORANG, NOZONE) 
 VALUES (5,43, 4);
 INSERT INTO GROUPE3.LESSIEGES (NOPLACE, NORANG, NOZONE) 
 VALUES (6,43, 4);
 INSERT INTO GROUPE3.LESSIEGES (NOPLACE, NORANG, NOZONE) 
 VALUES (7,43, 4);
 INSERT INTO GROUPE3.LESSIEGES (NOPLACE, NORANG, NOZONE) 
 VALUES (8,43, 4);
 INSERT INTO GROUPE3.LESSIEGES (NOPLACE, NORANG, NOZONE) 
 VALUES (9,43, 4);
 INSERT INTO GROUPE3.LESSIEGES (NOPLACE, NORANG, NOZONE) 
 VALUES (10,43, 4);
 INSERT INTO GROUPE3.LESSIEGES (NOPLACE, NORANG, NOZONE) 
 VALUES (11,43, 4);
 INSERT INTO GROUPE3.LESSIEGES (NOPLACE, NORANG, NOZONE) 
 VALUES (12,43, 4);
 INSERT INTO GROUPE3.LESSIEGES (NOPLACE, NORANG, NOZONE) 
 VALUES (13,43, 4);
 INSERT INTO GROUPE3.LESSIEGES (NOPLACE, NORANG, NOZONE) 
 VALUES (14,43, 4);
 INSERT INTO GROUPE3.LESSIEGES (NOPLACE, NORANG, NOZONE) 
 VALUES (15,43, 4);
 INSERT INTO GROUPE3.LESSIEGES (NOPLACE, NORANG, NOZONE) 
 VALUES (16,43, 4);
 INSERT INTO GROUPE3.LESSIEGES (NOPLACE, NORANG, NOZONE) 
 VALUES (17,43, 4);
 INSERT INTO GROUPE3.LESSIEGES (NOPLACE, NORANG, NOZONE) 
 VALUES (18,43, 4);
 INSERT INTO GROUPE3.LESSIEGES (NOPLACE, NORANG, NOZONE) 
 VALUES (19,43, 4);
 INSERT INTO GROUPE3.LESSIEGES (NOPLACE, NORANG, NOZONE) 
 VALUES (20,43, 4);
 INSERT INTO GROUPE3.LESSIEGES (NOPLACE, NORANG, NOZONE) 
 VALUES (1,44, 4);
 INSERT INTO GROUPE3.LESSIEGES (NOPLACE, NORANG, NOZONE) 
 VALUES (2,44, 4);
 INSERT INTO GROUPE3.LESSIEGES (NOPLACE, NORANG, NOZONE) 
 VALUES (3,44, 4);
 INSERT INTO GROUPE3.LESSIEGES (NOPLACE, NORANG, NOZONE) 
 VALUES (4,44, 4);
 INSERT INTO GROUPE3.LESSIEGES (NOPLACE, NORANG, NOZONE) 
 VALUES (5,44, 4);
 INSERT INTO GROUPE3.LESSIEGES (NOPLACE, NORANG, NOZONE) 
 VALUES (6,44, 4);
 INSERT INTO GROUPE3.LESSIEGES (NOPLACE, NORANG, NOZONE) 
 VALUES (7,44, 4);
 INSERT INTO GROUPE3.LESSIEGES (NOPLACE, NORANG, NOZONE) 
 VALUES (8,44, 4);
 INSERT INTO GROUPE3.LESSIEGES (NOPLACE, NORANG, NOZONE) 
 VALUES (9,44, 4);
 INSERT INTO GROUPE3.LESSIEGES (NOPLACE, NORANG, NOZONE) 
 VALUES (10,44, 4);
 INSERT INTO GROUPE3.LESSIEGES (NOPLACE, NORANG, NOZONE) 
 VALUES (11,44, 4);
 INSERT INTO GROUPE3.LESSIEGES (NOPLACE, NORANG, NOZONE) 
 VALUES (12,44, 4);
 INSERT INTO GROUPE3.LESSIEGES (NOPLACE, NORANG, NOZONE) 
 VALUES (13,44, 4);
 INSERT INTO GROUPE3.LESSIEGES (NOPLACE, NORANG, NOZONE) 
 VALUES (14,44, 4);
 INSERT INTO GROUPE3.LESSIEGES (NOPLACE, NORANG, NOZONE) 
 VALUES (15,44, 4);
 INSERT INTO GROUPE3.LESSIEGES (NOPLACE, NORANG, NOZONE) 
 VALUES (16,44, 4);
 INSERT INTO GROUPE3.LESSIEGES (NOPLACE, NORANG, NOZONE) 
 VALUES (17,44, 4);
 INSERT INTO GROUPE3.LESSIEGES (NOPLACE, NORANG, NOZONE) 
 VALUES (18,44, 4);
 INSERT INTO GROUPE3.LESSIEGES (NOPLACE, NORANG, NOZONE) 
 VALUES (19,44, 4);
 INSERT INTO GROUPE3.LESSIEGES (NOPLACE, NORANG, NOZONE) 
 VALUES (20,44, 4);
 INSERT INTO GROUPE3.LESSIEGES (NOPLACE, NORANG, NOZONE) 
 VALUES (1,45, 4);
 INSERT INTO GROUPE3.LESSIEGES (NOPLACE, NORANG, NOZONE) 
 VALUES (2,45, 4);
 INSERT INTO GROUPE3.LESSIEGES (NOPLACE, NORANG, NOZONE) 
 VALUES (3,45, 4);
 INSERT INTO GROUPE3.LESSIEGES (NOPLACE, NORANG, NOZONE) 
 VALUES (4,45, 4);
 INSERT INTO GROUPE3.LESSIEGES (NOPLACE, NORANG, NOZONE) 
 VALUES (5,45, 4);
 INSERT INTO GROUPE3.LESSIEGES (NOPLACE, NORANG, NOZONE) 
 VALUES (6,45, 4);
 INSERT INTO GROUPE3.LESSIEGES (NOPLACE, NORANG, NOZONE) 
 VALUES (7,45, 4);
 INSERT INTO GROUPE3.LESSIEGES (NOPLACE, NORANG, NOZONE) 
 VALUES (8,45, 4);
 INSERT INTO GROUPE3.LESSIEGES (NOPLACE, NORANG, NOZONE) 
 VALUES (9,45, 4);
 INSERT INTO GROUPE3.LESSIEGES (NOPLACE, NORANG, NOZONE) 
 VALUES (10,45, 4);
 INSERT INTO GROUPE3.LESSIEGES (NOPLACE, NORANG, NOZONE) 
 VALUES (11,45, 4);
 INSERT INTO GROUPE3.LESSIEGES (NOPLACE, NORANG, NOZONE) 
 VALUES (12,45, 4);
 INSERT INTO GROUPE3.LESSIEGES (NOPLACE, NORANG, NOZONE) 
 VALUES (13,45, 4);
 INSERT INTO GROUPE3.LESSIEGES (NOPLACE, NORANG, NOZONE) 
 VALUES (14,45, 4);
 INSERT INTO GROUPE3.LESSIEGES (NOPLACE, NORANG, NOZONE) 
 VALUES (15,45, 4);
 INSERT INTO GROUPE3.LESSIEGES (NOPLACE, NORANG, NOZONE) 
 VALUES (16,45, 4);
 INSERT INTO GROUPE3.LESSIEGES (NOPLACE, NORANG, NOZONE) 
 VALUES (17,45, 4);
 INSERT INTO GROUPE3.LESSIEGES (NOPLACE, NORANG, NOZONE) 
 VALUES (18,45, 4);
 INSERT INTO GROUPE3.LESSIEGES (NOPLACE, NORANG, NOZONE) 
 VALUES (19,45, 4);
 INSERT INTO GROUPE3.LESSIEGES (NOPLACE, NORANG, NOZONE) 
 VALUES (20,45, 4);
 INSERT INTO GROUPE3.LESSIEGES (NOPLACE, NORANG, NOZONE) 
 VALUES (1,46, 4);
 INSERT INTO GROUPE3.LESSIEGES (NOPLACE, NORANG, NOZONE) 
 VALUES (2,46, 4);
 INSERT INTO GROUPE3.LESSIEGES (NOPLACE, NORANG, NOZONE) 
 VALUES (3,46, 4);
 INSERT INTO GROUPE3.LESSIEGES (NOPLACE, NORANG, NOZONE) 
 VALUES (4,46, 4);
 INSERT INTO GROUPE3.LESSIEGES (NOPLACE, NORANG, NOZONE) 
 VALUES (5,46, 4);
 INSERT INTO GROUPE3.LESSIEGES (NOPLACE, NORANG, NOZONE) 
 VALUES (6,46, 4);
 INSERT INTO GROUPE3.LESSIEGES (NOPLACE, NORANG, NOZONE) 
 VALUES (7,46, 4);
 INSERT INTO GROUPE3.LESSIEGES (NOPLACE, NORANG, NOZONE) 
 VALUES (8,46, 4);
 INSERT INTO GROUPE3.LESSIEGES (NOPLACE, NORANG, NOZONE) 
 VALUES (9,46, 4);
 INSERT INTO GROUPE3.LESSIEGES (NOPLACE, NORANG, NOZONE) 
 VALUES (10,46, 4);
 INSERT INTO GROUPE3.LESSIEGES (NOPLACE, NORANG, NOZONE) 
 VALUES (11,46, 4);
 INSERT INTO GROUPE3.LESSIEGES (NOPLACE, NORANG, NOZONE) 
 VALUES (12,46, 4);
 INSERT INTO GROUPE3.LESSIEGES (NOPLACE, NORANG, NOZONE) 
 VALUES (13,46, 4);
 INSERT INTO GROUPE3.LESSIEGES (NOPLACE, NORANG, NOZONE) 
 VALUES (14,46, 4);
 INSERT INTO GROUPE3.LESSIEGES (NOPLACE, NORANG, NOZONE) 
 VALUES (15,46, 4);
 INSERT INTO GROUPE3.LESSIEGES (NOPLACE, NORANG, NOZONE) 
 VALUES (16,46, 4);
 INSERT INTO GROUPE3.LESSIEGES (NOPLACE, NORANG, NOZONE) 
 VALUES (17,46, 4);
 INSERT INTO GROUPE3.LESSIEGES (NOPLACE, NORANG, NOZONE) 
 VALUES (18,46, 4);
 INSERT INTO GROUPE3.LESSIEGES (NOPLACE, NORANG, NOZONE) 
 VALUES (19,46, 4);
 INSERT INTO GROUPE3.LESSIEGES (NOPLACE, NORANG, NOZONE) 
 VALUES (20,46, 4);
 INSERT INTO GROUPE3.LESSIEGES (NOPLACE, NORANG, NOZONE) 
 VALUES (1,47, 4);
 INSERT INTO GROUPE3.LESSIEGES (NOPLACE, NORANG, NOZONE) 
 VALUES (2,47, 4);
 INSERT INTO GROUPE3.LESSIEGES (NOPLACE, NORANG, NOZONE) 
 VALUES (3,47, 4);
 INSERT INTO GROUPE3.LESSIEGES (NOPLACE, NORANG, NOZONE) 
 VALUES (4,47, 4);
 INSERT INTO GROUPE3.LESSIEGES (NOPLACE, NORANG, NOZONE) 
 VALUES (5,47, 4);
 INSERT INTO GROUPE3.LESSIEGES (NOPLACE, NORANG, NOZONE) 
 VALUES (6,47, 4);
 INSERT INTO GROUPE3.LESSIEGES (NOPLACE, NORANG, NOZONE) 
 VALUES (7,47, 4);
 INSERT INTO GROUPE3.LESSIEGES (NOPLACE, NORANG, NOZONE) 
 VALUES (8,47, 4);
 INSERT INTO GROUPE3.LESSIEGES (NOPLACE, NORANG, NOZONE) 
 VALUES (9,47, 4);
 INSERT INTO GROUPE3.LESSIEGES (NOPLACE, NORANG, NOZONE) 
 VALUES (10,47, 4);
 INSERT INTO GROUPE3.LESSIEGES (NOPLACE, NORANG, NOZONE) 
 VALUES (11,47, 4);
 INSERT INTO GROUPE3.LESSIEGES (NOPLACE, NORANG, NOZONE) 
 VALUES (12,47, 4);
 INSERT INTO GROUPE3.LESSIEGES (NOPLACE, NORANG, NOZONE) 
 VALUES (13,47, 4);
 INSERT INTO GROUPE3.LESSIEGES (NOPLACE, NORANG, NOZONE) 
 VALUES (14,47, 4);
 INSERT INTO GROUPE3.LESSIEGES (NOPLACE, NORANG, NOZONE) 
 VALUES (15,47, 4);
 INSERT INTO GROUPE3.LESSIEGES (NOPLACE, NORANG, NOZONE) 
 VALUES (16,47, 4);
 INSERT INTO GROUPE3.LESSIEGES (NOPLACE, NORANG, NOZONE) 
 VALUES (17,47, 4);
 INSERT INTO GROUPE3.LESSIEGES (NOPLACE, NORANG, NOZONE) 
 VALUES (18,47, 4);
 INSERT INTO GROUPE3.LESSIEGES (NOPLACE, NORANG, NOZONE) 
 VALUES (19,47, 4);
 INSERT INTO GROUPE3.LESSIEGES (NOPLACE, NORANG, NOZONE) 
 VALUES (20,47, 4);
 INSERT INTO GROUPE3.LESSIEGES (NOPLACE, NORANG, NOZONE) 
 VALUES (1,48, 4);
 INSERT INTO GROUPE3.LESSIEGES (NOPLACE, NORANG, NOZONE) 
 VALUES (2,48, 4);
 INSERT INTO GROUPE3.LESSIEGES (NOPLACE, NORANG, NOZONE) 
 VALUES (3,48, 4);
 INSERT INTO GROUPE3.LESSIEGES (NOPLACE, NORANG, NOZONE) 
 VALUES (4,48, 4);
 INSERT INTO GROUPE3.LESSIEGES (NOPLACE, NORANG, NOZONE) 
 VALUES (5,48, 4);
 INSERT INTO GROUPE3.LESSIEGES (NOPLACE, NORANG, NOZONE) 
 VALUES (6,48, 4);
 INSERT INTO GROUPE3.LESSIEGES (NOPLACE, NORANG, NOZONE) 
 VALUES (7,48, 4);
 INSERT INTO GROUPE3.LESSIEGES (NOPLACE, NORANG, NOZONE) 
 VALUES (8,48, 4);
 INSERT INTO GROUPE3.LESSIEGES (NOPLACE, NORANG, NOZONE) 
 VALUES (9,48, 4);
 INSERT INTO GROUPE3.LESSIEGES (NOPLACE, NORANG, NOZONE) 
 VALUES (10,48, 4);
 INSERT INTO GROUPE3.LESSIEGES (NOPLACE, NORANG, NOZONE) 
 VALUES (11,48, 4);
 INSERT INTO GROUPE3.LESSIEGES (NOPLACE, NORANG, NOZONE) 
 VALUES (12,48, 4);
 INSERT INTO GROUPE3.LESSIEGES (NOPLACE, NORANG, NOZONE) 
 VALUES (13,48, 4);
 INSERT INTO GROUPE3.LESSIEGES (NOPLACE, NORANG, NOZONE) 
 VALUES (14,48, 4);
 INSERT INTO GROUPE3.LESSIEGES (NOPLACE, NORANG, NOZONE) 
 VALUES (15,48, 4);
 INSERT INTO GROUPE3.LESSIEGES (NOPLACE, NORANG, NOZONE) 
 VALUES (16,48, 4);
 INSERT INTO GROUPE3.LESSIEGES (NOPLACE, NORANG, NOZONE) 
 VALUES (17,48, 4);
 INSERT INTO GROUPE3.LESSIEGES (NOPLACE, NORANG, NOZONE) 
 VALUES (18,48, 4);
 INSERT INTO GROUPE3.LESSIEGES (NOPLACE, NORANG, NOZONE) 
 VALUES (19,48, 4);
 INSERT INTO GROUPE3.LESSIEGES (NOPLACE, NORANG, NOZONE) 
 VALUES (20,48, 4);
 INSERT INTO GROUPE3.LESSIEGES (NOPLACE, NORANG, NOZONE) 
 VALUES (1,49, 4);
 INSERT INTO GROUPE3.LESSIEGES (NOPLACE, NORANG, NOZONE) 
 VALUES (2,49, 4);
 INSERT INTO GROUPE3.LESSIEGES (NOPLACE, NORANG, NOZONE) 
 VALUES (3,49, 4);
 INSERT INTO GROUPE3.LESSIEGES (NOPLACE, NORANG, NOZONE) 
 VALUES (4,49, 4);
 INSERT INTO GROUPE3.LESSIEGES (NOPLACE, NORANG, NOZONE) 
 VALUES (5,49, 4);
 INSERT INTO GROUPE3.LESSIEGES (NOPLACE, NORANG, NOZONE) 
 VALUES (6,49, 4);
 INSERT INTO GROUPE3.LESSIEGES (NOPLACE, NORANG, NOZONE) 
 VALUES (7,49, 4);
 INSERT INTO GROUPE3.LESSIEGES (NOPLACE, NORANG, NOZONE) 
 VALUES (8,49, 4);
 INSERT INTO GROUPE3.LESSIEGES (NOPLACE, NORANG, NOZONE) 
 VALUES (9,49, 4);
 INSERT INTO GROUPE3.LESSIEGES (NOPLACE, NORANG, NOZONE) 
 VALUES (10,49, 4);
 INSERT INTO GROUPE3.LESSIEGES (NOPLACE, NORANG, NOZONE) 
 VALUES (11,49, 4);
 INSERT INTO GROUPE3.LESSIEGES (NOPLACE, NORANG, NOZONE) 
 VALUES (12,49, 4);
 INSERT INTO GROUPE3.LESSIEGES (NOPLACE, NORANG, NOZONE) 
 VALUES (13,49, 4);
 INSERT INTO GROUPE3.LESSIEGES (NOPLACE, NORANG, NOZONE) 
 VALUES (14,49, 4);
 INSERT INTO GROUPE3.LESSIEGES (NOPLACE, NORANG, NOZONE) 
 VALUES (15,49, 4);
 INSERT INTO GROUPE3.LESSIEGES (NOPLACE, NORANG, NOZONE) 
 VALUES (16,49, 4);
 INSERT INTO GROUPE3.LESSIEGES (NOPLACE, NORANG, NOZONE) 
 VALUES (17,49, 4);
 INSERT INTO GROUPE3.LESSIEGES (NOPLACE, NORANG, NOZONE) 
 VALUES (18,49, 4);
 INSERT INTO GROUPE3.LESSIEGES (NOPLACE, NORANG, NOZONE) 
 VALUES (19,49, 4);
 INSERT INTO GROUPE3.LESSIEGES (NOPLACE, NORANG, NOZONE) 
 VALUES (20,49, 4);
 INSERT INTO GROUPE3.LESSIEGES (NOPLACE, NORANG, NOZONE) 
 VALUES (1,50, 4);
 INSERT INTO GROUPE3.LESSIEGES (NOPLACE, NORANG, NOZONE) 
 VALUES (2,50, 4);
 INSERT INTO GROUPE3.LESSIEGES (NOPLACE, NORANG, NOZONE) 
 VALUES (3,50, 4);
 INSERT INTO GROUPE3.LESSIEGES (NOPLACE, NORANG, NOZONE) 
 VALUES (4,50, 4);
 INSERT INTO GROUPE3.LESSIEGES (NOPLACE, NORANG, NOZONE) 
 VALUES (5,50, 4);
 INSERT INTO GROUPE3.LESSIEGES (NOPLACE, NORANG, NOZONE) 
 VALUES (6,50, 4);
 INSERT INTO GROUPE3.LESSIEGES (NOPLACE, NORANG, NOZONE) 
 VALUES (7,50, 4);
 INSERT INTO GROUPE3.LESSIEGES (NOPLACE, NORANG, NOZONE) 
 VALUES (8,50, 4);
 INSERT INTO GROUPE3.LESSIEGES (NOPLACE, NORANG, NOZONE) 
 VALUES (9,50, 4);
 INSERT INTO GROUPE3.LESSIEGES (NOPLACE, NORANG, NOZONE) 
 VALUES (10,50, 4);
 INSERT INTO GROUPE3.LESSIEGES (NOPLACE, NORANG, NOZONE) 
 VALUES (11,50, 4);
 INSERT INTO GROUPE3.LESSIEGES (NOPLACE, NORANG, NOZONE) 
 VALUES (12,50, 4);
 INSERT INTO GROUPE3.LESSIEGES (NOPLACE, NORANG, NOZONE) 
 VALUES (13,50, 4);
 INSERT INTO GROUPE3.LESSIEGES (NOPLACE, NORANG, NOZONE) 
 VALUES (14,50, 4);
 INSERT INTO GROUPE3.LESSIEGES (NOPLACE, NORANG, NOZONE) 
 VALUES (15,50, 4);
 INSERT INTO GROUPE3.LESSIEGES (NOPLACE, NORANG, NOZONE) 
 VALUES (16,50, 4);
 INSERT INTO GROUPE3.LESSIEGES (NOPLACE, NORANG, NOZONE) 
 VALUES (17,50, 4);
 INSERT INTO GROUPE3.LESSIEGES (NOPLACE, NORANG, NOZONE) 
 VALUES (18,50, 4);
 INSERT INTO GROUPE3.LESSIEGES (NOPLACE, NORANG, NOZONE) 
 VALUES (19,50, 4);
 INSERT INTO GROUPE3.LESSIEGES (NOPLACE, NORANG, NOZONE) 
 VALUES (20,50, 4);
 
 
 
  
  
  
  




 INSERT INTO GROUPE3.LESVENTESSURPLACE (NODOSSIER) 
 	VALUES (1);
 INSERT INTO GROUPE3.LESVENTESSURPLACE (NODOSSIER) 
 	VALUES (2);
 INSERT INTO GROUPE3.LESVENTESSURPLACE (NODOSSIER) 
 	VALUES (3);
 INSERT INTO GROUPE3.LESVENTESSURPLACE (NODOSSIER) 
 	VALUES (4);
 INSERT INTO GROUPE3.LESVENTESSURPLACE (NODOSSIER) 
 	VALUES (5);
 INSERT INTO GROUPE3.LESVENTESSURPLACE (NODOSSIER) 
 	VALUES (6);
 INSERT INTO GROUPE3.LESVENTESSURPLACE (NODOSSIER) 
 	VALUES (9);
 INSERT INTO GROUPE3.LESVENTESSURPLACE (NODOSSIER) 
 	VALUES (10);
 INSERT INTO GROUPE3.LESVENTESSURPLACE (NODOSSIER) 
 	VALUES (11);
 INSERT INTO GROUPE3.LESVENTESSURPLACE (NODOSSIER) 
 	VALUES (12);
 INSERT INTO GROUPE3.LESVENTESSURPLACE (NODOSSIER) 
 	VALUES (13);
 INSERT INTO GROUPE3.LESVENTESSURPLACE (NODOSSIER) 
 	VALUES (14);
 INSERT INTO GROUPE3.LESVENTESSURPLACE (NODOSSIER) 
 	VALUES (15);
 INSERT INTO GROUPE3.LESVENTESSURPLACE (NODOSSIER) 
 	VALUES (16);
 INSERT INTO GROUPE3.LESVENTESSURPLACE (NODOSSIER) 
 	VALUES (17);
 INSERT INTO GROUPE3.LESVENTESSURPLACE (NODOSSIER) 
 	VALUES (18);
 INSERT INTO GROUPE3.LESVENTESSURPLACE (NODOSSIER) 
 	VALUES (19);
 INSERT INTO GROUPE3.LESVENTESSURPLACE (NODOSSIER) 
 	VALUES (20);
 INSERT INTO GROUPE3.LESVENTESSURPLACE (NODOSSIER) 
 	VALUES (21);
 INSERT INTO GROUPE3.LESVENTESSURPLACE (NODOSSIER) 
 	VALUES (22);